/mini-rolety/rolety-mini-termoizolacyjne,https://rolety24.net/100-rolety-mini-termoizolacyjne,301,1
/rolety-w-kasecie,https://rolety24.net/102-rolety-w-kasecie,301,1
/rolety-w-kasecie/rolety-w-kasecie-dzien-noc,https://rolety24.net/103-rolety-w-kasecie-dzien-noc,301,1
/rolety-w-kasecie/rolety-w-kasecie-materialowe,https://rolety24.net/104-rolety-w-kasecie-materialowe,301,1
/rolety-w-kasecie/rolety-w-kasecie-podgumowane,https://rolety24.net/105-rolety-w-kasecie-podgumowane,301,1
/rolety-w-kasecie/rolety-w-kasecie-termoizolacyjne,https://rolety24.net/106-rolety-w-kasecie-termoizolacyjne,301,1
/rolety-dzien-i-noc,https://rolety24.net/107-rolety-dzien-i-noc,301,1
/rolety-dzien-i-noc/rolety-dzien-i-noc-mini,https://rolety24.net/108-rolety-dzien-i-noc-mini,301,1
/rolety-dzien-i-noc/rolety-dzien-i-noc-w-kasecie-plaskiej,https://rolety24.net/109-rolety-dzien-i-noc-w-kasecie-plaskiej,301,1
/rolety-dzien-i-noc/rolety-dzien-noc-w-kasecie-przestrzennej,https://rolety24.net/110-rolety-dzien-noc-w-kasecie-przestrzennej,301,1
/rolety-dzien-i-noc/szare-rolety-dzien-noc,https://rolety24.net/111-szare-rolety-dzien-noc,301,1
/rolety-dzien-i-noc/fioletowe-rolety-dzien-noc,https://rolety24.net/112-fioletowe-rolety-dzien-noc,301,1
/rolety-dzien-i-noc/zolte-rolety-dzien-noc,https://rolety24.net/113-zolte-rolety-dzien-noc,301,1
/rolety-dzien-i-noc/pomaranczowe-rolety-dzien-noc,https://rolety24.net/114-pomaranczowe-rolety-dzien-noc,301,1
/rolety-dzien-i-noc/bezowe-rolety-dzien-noc,https://rolety24.net/115-bezowe-rolety-dzien-noc,301,1
/rolety-dzien-i-noc/czerwone-rolety-dzien-noc,https://rolety24.net/116-czerwone-rolety-dzien-noc,301,1
/rolety-dzien-i-noc/biale-rolety-dzien-noc,https://rolety24.net/117-biale-rolety-dzien-noc,301,1
/rolety-dzien-i-noc/brazowe-rolety-dzien-noc,https://rolety24.net/118-brazowe-rolety-dzien-noc,301,1
/rolety-dzien-i-noc/zielone-rolety-dzien-noc,https://rolety24.net/119-zielone-rolety-dzien-noc,301,1
/rolety-dzien-i-noc/grafitowe-rolety-dzien-noc,https://rolety24.net/120-grafitowe-rolety-dzien-noc,301,1
/rolety-dzien-i-noc/czarne-rolety-dzien-noc,https://rolety24.net/121-czarne-rolety-dzien-noc,301,1
/plisy/biale-plisy-okienne,https://rolety24.net/122-biale-plisy-okienne,301,1
/plisy/bezowe-plisy-okienne,https://rolety24.net/123-bezowe-plisy-okienne,301,1
/plisy/czerwone-plisy-okienne,https://rolety24.net/125-czerwone-plisy-okienne,301,1
/plisy/zielone-plisy-okienne,https://rolety24.net/126-zielone-plisy-okienne,301,1
/plisy/niebieskie-plisy-okienne,https://rolety24.net/127-niebieskie-plisy-okienne,301,1
/plisy/szare-plisy-okienne,https://rolety24.net/128-szare-plisy-okienne,301,1
/plisy/blekitne-plisy-okienne,https://rolety24.net/129-blekitne-plisy-okienne,301,1
/rolety-okienne/rolety-do-salonu,https://rolety24.net/139-rolety-do-salonu,301,1
/rolety-okienne/rolety-do-sypialni,https://rolety24.net/140-rolety-do-sypialni,301,1
/plisy/pomaranczowe-plisy-okienne,https://rolety24.net/141-pomaranczowe-plisy-okienne,301,1
/mini-rolety/mini-rolety-z-zylka,https://rolety24.net/149-mini-rolety-z-zylka,301,1
/mini-rolety/mini-rolety-bezinwazyjne,https://rolety24.net/150-mini-rolety-bezinwazyjne,301,1
/rolety-dzien-i-noc/rolety-dzien-noc-podgumowane,https://rolety24.net/166-rolety-dzien-noc-podgumowane,301,1
/rolety-na-okno-dachowe,https://rolety24.net/169-rolety-na-okno-dachowe,301,1
/rolety-okienne/rolety-okienne-szare,https://rolety24.net/170-rolety-okienne-szare,301,1
/rolety-okienne/rolety-okienne-biale,https://rolety24.net/171-rolety-okienne-biale,301,1
/rolety-okienne/rolety-okienne-czerwone,https://rolety24.net/173-rolety-okienne-czerwone,301,1
/rolety-okienne/rolety-okienne-niebieskie,https://rolety24.net/174-rolety-okienne-niebieskie,301,1
/rolety-okienne/rolety-okienne-rozowe,https://rolety24.net/175-rolety-okienne-rozowe,301,1
/rolety-okienne/rolety-okienne-fioletowe,https://rolety24.net/176-rolety-okienne-fioletowe,301,1
/rolety-okienne/rolety-okienne-zielone,https://rolety24.net/177-rolety-okienne-zielone,301,1
/rolety-okienne/rolety-okienne-pomaranczowe,https://rolety24.net/178-rolety-okienne-pomaranczowe,301,1
/rolety-okienne/rolety-okienne-zolte,https://rolety24.net/179-rolety-okienne-zolte,301,1
/rolety-okienne/rolety-okienne-brazowe,https://rolety24.net/180-rolety-okienne-brazowe,301,1
/rolety-okienne/rolety-okienne-do-lazienki,https://rolety24.net/181-rolety-okienne-do-lazienki,301,1
/rolety-okienne/zaciemniajace,https://rolety24.net/206-rolety-zaciemniajace,301,1
/plisy,https://rolety24.net/62-plisy,301,1
/moskitiery-okienne,https://rolety24.net/63-moskitiery-okienne,301,1
/rolety-bezinwazyjne,https://rolety24.net/86-rolety-bezinwazyjne,301,1
/rolety-termoizolacyjne,https://rolety24.net/87-rolety-termoizolacyjne,301,1
/rolety-okienne/balkonowe,https://rolety24.net/88-balkonowe,301,1
/mini-rolety,https://rolety24.net/89-mini-rolety,301,1
/mini-rolety/noc-dzien,https://rolety24.net/90-noc-dzien,301,1
/plisy/plisy-do-okien-dachowych,https://rolety24.net/91-plisy-do-okien-dachowych,301,1
/plisy/plisy-na-wymiar,https://rolety24.net/92-plisy-na-wymiar,301,1
/mini-rolety/rolety-mini-materiałowe,https://rolety24.net/98-rolety-mini-materialowe,301,1
/mini-rolety/rolety-mini-podgumowane,https://rolety24.net/99-rolety-mini-podgumowane,301,1
/plisy/plisy-zaciemniajace,https://rolety24.net/141-plisy-zaciemniajace,301,1
/montaz-rolet-okiennych,https://rolety24.net/content/6-montaz-rolet-okiennych,301,1
/mini-roleta-bezinwazyjna-standard-piaskowa,https://rolety24.net/102-roleta-mini-z-tkanin-standard-piaskowa-na-wymiar.htm,301,1
/roleta-bezinwazyjna-mini-standard-granatowa,https://rolety24.net/103-roleta-mini-z-tkanin-standard-granatowa-na-wymiar.htm,301,1
/bezinwazyjna-roleta-mini-standard-limonka,https://rolety24.net/104-roleta-mini-z-tkanin-standard-limonka-na-wymiar.htm,301,1
/bezinwazyjna-roleta-mini-standard-niebieska,https://rolety24.net/105-roleta-mini-z-tkanin-standard-niebieska-na-wymiar.htm,301,1
/rolety-plisowane-do-okien-dachowych-basel,https://rolety24.net/111-roleta-plisowana-do-okna-dachowego-basel.htm,301,1
/roleta-w-kasecie-plaskiej-limonka-na-wymiar,https://rolety24.net/117-roleta-dzie-i-noc-w-kasecie-p-askiej-limonka-na-wymiar.htm,301,1
/roleta-w-kasecie-plaskiej-zolta-na-wymiar,https://rolety24.net/125-roleta-dzie-i-noc-w-kasecie-p-askiej-ta-na-wymiar.htm,301,1
/roleta-mini-podgumowana-ceglasta-na-wymiar,https://rolety24.net/137-roleta-mini-zaciemniaj-ca-ceglasta-na-wymiar.htm,301,1
/roleta-mini-podgumowana-niebieska-na-wymiar,https://rolety24.net/140-roleta-mini-zaciemniaj-ca-niebieska-na-wymiar.htm,301,1
/roleta-mini-podgumowana-szara-na-wymiar,https://rolety24.net/144-roleta-mini-zaciemniaj-ca-szara-na-wymiar.htm,301,1
/Roleta-standard-w-kasecie-plaskiej-ceglasta-na-wymiar,https://rolety24.net/181-roleta-standard-w-kasecie-p-askiej-ceglasta-na-wymiar.htm,301,1
/Roleta-standard-w-kasecie-plaskiej-ciemnozielona-na-wymiar,https://rolety24.net/191-roleta-standard-w-kasecie-p-askiej-ciemnozielona-na-wymiar.htm,301,1
/roleta-w-kasecie-plaskiej-szara-na-wymiar,https://rolety24.net/195-roleta-standard-w-kasecie-p-askiej-szara-na-wymiar.htm,301,1
/roleta-mini-podgumowana-brzoskwiniowa-na-wymiar,https://rolety24.net/273-roleta-mini-z-tkanin-podgumowan-thermo-brzoskwinia.htm,301,1
/roleta-mini-podgumowana-pomaranczowa-na-wymiar,https://rolety24.net/275-roleta-mini-z-tkanin-podgumowan-thermo-pomara-cza.htm,301,1
/roleta-mini-podgumowana-limonkowa-na-wymiar,https://rolety24.net/276-roleta-mini-z-tkanin-podgumowan-thermo-limonka.htm,301,1
/roleta-mini-podgumowana-bezowa-na-wymiar,https://rolety24.net/277-roleta-mini-z-tkanin-podgumowan-thermo-be-owa.htm,301,1
/roleta-mini-podgumowana-grafitowa-na-wymiar,https://rolety24.net/281-roleta-mini-z-tkanin-podgumowan-thermo-grafitowa.htm,301,1
/plisy-melange-thermo,https://rolety24.net/310-roleta-plisowana-melange-thermo.htm,301,1
/roleta-podgumowana-dzien-noc-w-kasecie-plaskiej,https://rolety24.net/326-roleta-dzie-i-noc-podgumowana-w-kasecie-p-askiej-na-wymiar.htm,301,1
/roleta-mini-dzien-noc-podgumowana,https://rolety24.net/327-roleta-mini-dzie-i-noc-podgumowana-na-wymiar.htm,301,1
/plisa-do-okna-dachowego-melange-thermo,https://rolety24.net/331-roleta-plisowana-do-okna-dachowego-melange-thermo.htm,301,1
/plisy-podgumowane-soft,https://rolety24.net/351-roleta-plisowana-zaciemniaj-ca-soft.htm,301,1
/plisa-dachowa-podgumowana-soft,https://rolety24.net/352-roleta-plisowana-do-okna-dachowego-zaciemniaj-ca-soft.htm,301,1
/roleta-mini-termiczna-thermo,https://rolety24.net/65-roleta-mini-z-tkanin-podgumowan-thermo.htm,301,1
/Moskitiera-ramkowa-do-okna,https://rolety24.net/69-Moskitiera-ramkowa-do-okna-pcv.htm,301,1
/roleta-mini-dzien-noc-limonka-na-wymiar,https://rolety24.net/73-roleta-mini-dzie-i-noc-limonka-na-wymiar.htm,301,1
/roleta-mini-dzien-noc-szary-na-wymiar,https://rolety24.net/78-roleta-dzie-noc-szara-mini-na-wymiar.htm,301,1
/roleta-mini-dzien-noc-zolta-na-wymiar,https://rolety24.net/81-roleta-mini-dzie-i-noc-ta-na-wymiar.htm,301,1
/bezinwazyjna-roleta-mini-standard-zolta-na-wymiar,https://rolety24.net/87-roleta-mini-z-tkanin-standard-ta-na-wymiar.htm,301,1
/bezinwazyjna-roleta-mini-standard-szara,https://rolety24.net/89-roleta-mini-z-tkanin-standard-szara-na-wymiar.htm,301,1
/mini-roleta-bezinwazyjna-standard-wenge,https://rolety24.net/90-roleta-mini-z-tkanin-standard-wenge-na-wymiar.htm,301,1
/roleta-bezinwazyjna-mini-standard-ciemnozielona,https://rolety24.net/93-roleta-mini-z-tkanin-standard-ciemnozielona-na-wymiar.htm,301,1
/roleta-bezinwazyjna-mini-standard-ceglasta,https://rolety24.net/97-roleta-mini-z-tkanin-standard-ceglasta-na-wymiar.htm,301,1
/roleta-bezinwazyjna-mini-standard-jasnorozowa,https://rolety24.net/99-roleta-mini-z-tkanin-standard-jasny-r-na-wymiar.htm,301,1
/roleta-dzien-noc-w-kasecie-plaskiej-de-lux,https://rolety24.net/349-roleta-dzie-i-noc-de-lux-w-kasecie-p-askiej-na-wymiar.htm,301,1
/roleta-dzien-noc-w-kasecie-przestrzennej-de-lux,https://rolety24.net/350-roleta-dzie-i-noc-de-lux-w-kasecie-przestrzennej-na-wymiar.htm,301,1
/roleta-dzien-noc-podgumowana-w-kasecie-przestrzennej,https://rolety24.net/328-roleta-dzie-i-noc-podgumowana-w-kasecie-przestrzennej-na-wymiar.htm,301,1
/roleta-dzien-i-noc-w-kasecie-plaskiej-na-wymiar,https://rolety24.net/56-roleta-dzie-i-noc-w-kasecie-p-askiej-na-wymiar.htm,301,1
/roleta-w-kasecie-plaskiej-czerwona-na-wymiar,https://rolety24.net/119-roleta-dzie-i-noc-w-kasecie-p-askiej-czerwona-na-wymiar.htm,301,1
/roleta-w-kasecie-plaskiej-fioletowa-na-wymiar,https://rolety24.net/128-roleta-dzie-i-noc-w-kasecie-p-askiej-fioletowa-na-wymiar.htm,301,1
/roleta-w-kasecie-plaskiej-grafitowa-na-wymiar,https://rolety24.net/124-roleta-dzie-i-noc-w-kasecie-p-askiej-grafitowa-na-wymiar.htm,301,1
/roleta-w-kasecie-plaskiej-karmelowa-na-wymiar,https://rolety24.net/127-roleta-dzie-i-noc-w-kasecie-p-askiej-karmelowa-na-wymiar.htm,301,1
/roleta-w-kasecie-plaskiej-kremowa-na-wymiar,https://rolety24.net/115-roleta-dzie-i-noc-w-kasecie-p-askiej-kremowa-na-wymiar.htm,301,1
/roleta-w-kasecie-plaskiej-miodowa-na-wymiar,https://rolety24.net/126-roleta-dzie-i-noc-w-kasecie-p-askiej-miodowa-na-wymiar.htm,301,1
/roleta-w-kasecie-plaskiej-pomaranczowa-na-wymiar,https://rolety24.net/118-roleta-dzie-i-noc-w-kasecie-p-askiej-pomara-czowa-na-wymiar.htm,301,1
/roleta-w-kasecie-plaskiej-sliwkowa-na-wymiar,https://rolety24.net/120-roleta-dzie-i-noc-w-kasecie-p-askiej-liwkowa-na-wymiar.htm,301,1
/roleta-w-kasecie-plaskiej-brazowa-na-wymiar,https://rolety24.net/121-roleta-dzie-i-noc-w-kasecie-p-askiej-wenge-na-wymiar.htm,301,1
/Roleta-dzien-noc-w-kasecie-przestrzennej,https://rolety24.net/64-roleta-dzie-i-noc-w-kasecie-przestrzennej-na-wymiar.htm,301,1
/roleta-mini-dzien-noc-de-lux,https://rolety24.net/348-roleta-mini-dzie-i-noc-de-lux-na-wymiar.htm,301,1
/roleta-mini-dzien-noc-bezowa-na-wymiar,https://rolety24.net/72-roleta-mini-dzie-i-noc-be-owa-na-wymiar.htm,301,1
/roleta-mini-dzien-noc-biala-na-wymiar,https://rolety24.net/70-roleta-mini-dzie-i-noc-bia-a-na-wymiar.htm,301,1
/roleta-mini-dzien-noc-czerwona-na-wymiar,https://rolety24.net/75-roleta-mini-dzie-i-noc-czerwona-na-wymiar.htm,301,1
/roleta-mini-dzin-noc-fioletowa-na-wymiar,https://rolety24.net/84-roleta-mini-dzie-i-noc-fioletowa-na-wymiar.htm,301,1
/roleta-mini-dzien-noc-gafitowa-na-wymiar,https://rolety24.net/80-roleta-mini-dzie-i-noc-grafitowa-na-wymiar.htm,301,1
/roleta-mini-dzien-noc-karmelowy-na-wymiar,https://rolety24.net/83-roleta-mini-dzie-i-noc-karmelowa-na-wymiar.htm,301,1
/rolety-dzien-noc-kremowa-na-wymiar,https://rolety24.net/71-roleta-mini-dzie-i-noc-kremowa-na-wymiar.htm,301,1
/roleta-mini-dzien-noc-miodowa-na-wymiar,https://rolety24.net/82-roleta-mini-dzie-i-noc-miodowa-na-wymiar.htm,301,1
/roleta-mini-dzien-noc-pomaranczowa-na-wymiar,https://rolety24.net/74-roleta-mini-dzie-i-noc-pomara-czowa-na-wymiar.htm,301,1
/roleta-mini-dzien-noc-ciemno-fioletowa-na-wymiar,https://rolety24.net/76-roleta-mini-dzie-i-noc-liwka-na-wymiar.htm,301,1
/roleta-mini-dzien-noc-ciemny-braz-na-wymiar,https://rolety24.net/77-roleta-mini-dzie-i-noc-wenge-na-wymiar.htm,301,1
/roleta-mini-na-wymiar-z-tkanina-standard,https://rolety24.net/51-roleta-mini-z-tkanin-standard.htm,301,1
/bezinwazyjna-roleta-mini-standard-bezowa,https://rolety24.net/107-roleta-mini-z-tkanin-standard-be-owa-na-wymiar.htm,301,1
/mini-roleta-standard-biala-na-wymiar,https://rolety24.net/85-roleta-mini-z-tkanin-standard-bia-a-na-wymiar.htm,301,1
/roleta-mini-na-haczyki-standard-blekitna,https://rolety24.net/95-roleta-mini-z-tkanin-standard-b-kitna-na-wymiar.htm,301,1
/roleta-mini-bezinwazyjna-standard-brazowa,https://rolety24.net/100-roleta-mini-z-tkanin-standard-br-zowa-na-wymiar.htm,301,1
/bezinwazyjna-roleta-mini-standard-cappucino,https://rolety24.net/101-roleta-mini-z-tkanin-standard-cappucino-na-wymiar.htm,301,1
/bezinwazyjna-roleta-mini-standard-czerwona,https://rolety24.net/106-roleta-mini-z-tkanin-standard-czerwona-na-wymiar.htm,301,1
/roleta-mini-bezinwazyjna-standard-fioletowa,https://rolety24.net/91-roleta-mini-z-tkanin-standard-fioletowa-na-wymiar.htm,301,1
/bezinwazyjna-roleta-mini-standard-antracyt,https://rolety24.net/88-roleta-mini-z-tkanin-standard-grafit-na-wymiar.htm,301,1
/bezinwazyjna-roleta-mini-standard-kremowa,https://rolety24.net/86-roleta-mini-z-tkanin-standard-kremowa-na-wymiar.htm,301,1
/roleta-mini-bezinwazyjna-lososiowa-standard,https://rolety24.net/109-roleta-mini-z-tkanin-standard-oso-na-wymiar.htm,301,1
/roleta-mini-bezinwazyjna-standard-pomaranczowa,https://rolety24.net/108-roleta-mini-z-tkanin-standard-pomara-czowa-na-wymiar.htm,301,1
/roleta-mini-bezinwazyjna-standard-rozowa,https://rolety24.net/98-roleta-mini-z-tkanin-standard-r-owa-na-wymiar.htm,301,1
/roleta-mini-bezinwazyjna-standard-sliwka,https://rolety24.net/92-roleta-mini-z-tkanin-standard-liwkowa-na-wymiar.htm,301,1
/roleta-mini-na-haczyki-standard-zielona,https://rolety24.net/94-roleta-mini-z-tkanin-standard-zielona-na-wymiar.htm,301,1
/roleta-mini-z-tkanina-podgumowana,https://rolety24.net/52-roleta-mini-z-tkanin-zaciemniaj-c.htm,301,1
/roleta-mini-zaciemniajaca-biala-na-wymiar,https://rolety24.net/132-roleta-mini-zaciemniaj-ca-bia-a-na-wymiar.htm,301,1
/roleta-mini-podgumowana-brazowa-na-wymiar,https://rolety24.net/143-roleta-mini-zaciemniaj-ca-br-zowa-na-wymiar.htm,301,1
/roleta-mini-podgumowana-karmelowa-na-wymiar,https://rolety24.net/142-roleta-mini-zaciemniaj-ca-karmelowa-na-wymiar.htm,301,1
/roleta-mini-zaciemniajaca-kremowa-na-wymiar,https://rolety24.net/133-roleta-mini-zaciemniaj-ca-kremowa-na-wymiar.htm,301,1
/roleta-mini-podgumowana-bordowa-na-wymiar,https://rolety24.net/138-roleta-mini-zaciemniaj-ca-wi-nia-na-wymiar.htm,301,1
/rolety-dachowe-plisowane-duo-thermo,https://rolety24.net/317-roleta-plisowana-do-okna-dachowego-duo-thermo.htm,301,1
/rolety-plisowane-duo-thermo,https://rolety24.net/131-roleta-plisowana-duo-thermo.htm,301,1
/Roleta-standard-w-kasecie-plaskiej-biala-na-wymiar,https://rolety24.net/197-roleta-standard-w-kasecie-p-askiej-bia-a-na-wymiar.htm,301,1
/Roleta-standard-w-kasecie-plaskiej-blekitna-na-wymiar,https://rolety24.net/196-roleta-standard-w-kasecie-p-askiej-b-kitna-na-wymiar.htm,301,1
/Roleta-standard-w-kasecie-plaskiej-cappucino-na-wymiar,https://rolety24.net/183-roleta-standard-w-kasecie-p-askiej-cappucino-na-wymiar.htm,301,1
/Roleta-standard-w-kasecie-plaskiej-gorzka-czekolada-na-wymiar,https://rolety24.net/193-roleta-standard-w-kasecie-p-askiej-gorzka-czekolada-na-wymiar.htm,301,1
/Roleta-standard-w-kasecie-plaskiej-grafitowa-na-wymiar,https://rolety24.net/189-roleta-standard-w-kasecie-p-askiej-grafitowa-na-wymiar.htm,301,1
/roleta-standard-w-kasecie-plaskiej-z-prowadnicami,https://rolety24.net/53-roleta-w-kasecie-p-askiej-z-tkanin-standard.htm,301,1
/roleta-zaciemniajaca-w-kasecie-plaskiej,https://rolety24.net/59-roleta-w-kasecie-p-askiej-z-tkanin-zaciemniaj-c.htm,301,1
/roleta-termiczna-w-kasecie-plaskiej,https://rolety24.net/60-roleta-w-kasecie-p-askiej-z-tkanin-zaciemniaj-c-thermo.htm,301,1
/roleta-w-kasecie-przestrzennej-z-tkanina-standard,https://rolety24.net/61-roleta-w-kasecie-przestrzennej-z-tkanin-standard-jasna-czerwie.htm,301,1
/Roleta-zaciemniajaca-w-kasecie-przestrzennej,https://rolety24.net/62-roleta-w-kasecie-przestrzennej-z-tkanin-zaciemniaj-c.htm,301,1
/Roleta-w-kasecie-przestrzennej-z-tkanina-zaciemniajaca-Thermo,https://rolety24.net/63-roleta-w-kasecie-przestrzennej-z-tkanin-zaciemniaj-c-thermo.htm,301,1
/blog-o-roletach,https://rolety24.net/blog,301,1
/blog-o-roletach?journal_blog_tag=kilka-pytan-i-odpowiedzi,https://rolety24.net/blog,301,1
/blog-o-roletach?journal_blog_tag=lato,https://rolety24.net/blog,301,1
/blog-o-roletach?journal_blog_tag=okna,https://rolety24.net/blog,301,1
/blog-o-roletach?journal_blog_tag=Pielegnacja%20rolet,https://rolety24.net/blog,301,1
/blog-o-roletach?journal_blog_tag=rolety,https://rolety24.net/blog,301,1
/blog-o-roletach?journal_blog_tag=rolety%20podgumowane,https://rolety24.net/blog,301,1
/blog-o-roletach?journal_blog_tag=rolety%20wewnetrzne,https://rolety24.net/blog,301,1
/blog-o-roletach?journal_blog_tag=rolety%20zaciemniajace,https://rolety24.net/blog,301,1
/blog-o-roletach?journal_blog_tag=upaly,https://rolety24.net/blog,301,1
/blog-o-roletach?journal_blog_post_id=160,https://rolety24.net/blog/post/1031-3-pomysly-na-wnetrze-w-kolorach-jesieni,301,1
/blog-o-roletach/Pomysły%20na%20wnętrze%20w%20kolorach%20jesieni,https://rolety24.net/blog/post/778-3-pomysly-na-wnetrze-w-kolorach-jesieni,301,1
/blog-o-roletach/4-proste-sposoby-na-optyczne-powiekszenie-wnetrza,https://rolety24.net/blog/post/744-4-proste-sposoby-na-optyczne-powiekszenie-wnetrza,301,1
/blog-o-roletach?journal_blog_post_id=168,https://rolety24.net/blog/post/786-4-rosliny-doniczkowe-ktore-lubia-cien,301,1
/blog-o-roletach?journal_blog_post_id=369,https://rolety24.net/blog/post/968-5-powodow-dla-ktorych-rolety-wewnetrzne-sa-doskonalym-rozwiazaniem-dla-ochrony-prywatnosci,301,1
/blog-o-roletach?journal_blog_post_id=367,https://rolety24.net/blog/post/966-antracytowe-okna-jakie-rolety-wybrac,301,1
/blog-o-roletach?journal_blog_post_id=237,https://rolety24.net/blog/post/985-aranzacja-okna-na-okres-swiateczny,301,1
/blog-o-roletach/Aranzacja%20okna%20na%20okres%20swiateczny,https://rolety24.net/blog/post/855-aranzacja-okna-na-okres-swiateczny,301,1
/blog-o-roletach?journal_blog_post_id=180,https://rolety24.net/blog/post/798-aranzacja-okna-na-wiosne,301,1
/blog-o-roletach/Białe-rolety-dzień-noc-jak-je-wyczyscic-,https://rolety24.net/blog/post/979-biale-rolety-dzien-noc-jak-je-wyczyscic,301,1
/blog-o-roletach/co-wybrac-rolety-czy-zaluzje,https://rolety24.net/blog/post/699-co-wybrac-rolety-czy-zaluzje,301,1
/blog-o-roletach/co-wybrac-do-okien-zamiast-firanek,https://rolety24.net/blog/post/915-co-wybrac-do-okien-zamiast-firanek,301,1
/blog-o-roletach?journal_blog_post_id=170,https://rolety24.net/blog/post/879-co-wybrac-do-okien-zamiast-firanek,301,1
/blog-o-roletach/czy-demontowac-moskitiery-na-zime,https://rolety24.net/blog/post/788-co-zrobic-zeby-doswietlic-poddasze,301,1
/blog-o-roletach/czy-do-rolet-dzien-noc-zakladac-firanki-lub-zaslony,https://rolety24.net/blog/post/674-czy-demontowac-moskitiery-na-zime,301,1
/blog-o-roletach?journal_blog_post_id=152,https://rolety24.net/blog/post/836-czy-do-rolet-dzien-noc-zakladac-firanki-lub-zaslony,301,1
/blog-o-roletach/czy-kolor-rolet-ma-znaczenie,https://rolety24.net/blog/post/770-czy-inwestycja-w-rolety-antywlamaniowe-zawsze-sie-oplaca,301,1
/blog-o-roletach/czy-komary-przechodza-przez-moskitiery,https://rolety24.net/blog/post/635-czy-kolor-rolet-ma-znaczenie,301,1
/blog-o-roletach/komary%20a%20moskitiery,https://rolety24.net/blog/post/1009-czy-komary-przechodza-przez-moskitiery,301,1
/blog-o-roletach?journal_blog_post_id=234,https://rolety24.net/blog/post/852-czy-moskitiera-chroni-przed-deszczem,301,1
/blog-o-roletach/czy-moskitiera-chroni-przed-pluskwami,https://rolety24.net/blog/post/1022-czy-moskitiera-chroni-przed-pluskwami,301,1
/blog-o-roletach/moskitiera%20a%20pluskwy,https://rolety24.net/blog/post/846-czy-moskitiera-chroni-przed-pluskwami,301,1
/blog-o-roletach/czy-moskitiera-chroni-przed-sloncem,https://rolety24.net/blog/post/842-czy-moskitiera-chroni-przed-sloncem,301,1
/blog-o-roletach/czy-moskitiera-przepuszcza-powietrze,https://rolety24.net/blog/post/843-czy-moskitiera-przepuszcza-powietrze,301,1
/blog-o-roletach/czy-moskitiery-trzeba-zdejmowac-na-zime,https://rolety24.net/blog/post/840-czy-moskitiery-trzeba-zdejmowac-na-zime,301,1
/blog-o-roletach/czy-oplaca-sie-wymienic-zaslony-na-rolety,https://rolety24.net/blog/post/837-czy-oplaca-sie-wymienic-zaslony-na-rolety,301,1
/blog-o-roletach/czy-roleta-moze-odmienic-wnetrze,https://rolety24.net/blog/post/663-czy-roleta-moze-odmienic-wnetrze,301,1
/blog-o-roletach/rolety-do-lazienek,https://rolety24.net/blog/post/884-czy-rolety-do-lazienek-to-dobry-pomysl,301,1
/blog-o-roletach?journal_blog_post_id=243,https://rolety24.net/blog/post/861-czy-rolety-dzien-noc-mozna-prac,301,1
/blog-o-roletach/czy-rolety-dzien-noc-mozna-prac,https://rolety24.net/blog/post/714-czy-rolety-dzien-noc-mozna-prac,301,1
/blog-o-roletach/czy_rolety_maja_wplyw_na_zdrowie,https://rolety24.net/blog/post/1023-czy-rolety-maja-wplyw-na-zdrowie,301,1
/blog-o-roletach/Rolety%20a%20zdrowie,https://rolety24.net/blog/post/653-czy-rolety-maja-wplyw-na-zdrowie,301,1
/blog-o-roletach/czy-rolety-maja-zastosowanie-tylko-latem,https://rolety24.net/blog/post/643-czy-rolety-maja-zastosowanie-tylko-latem,301,1
/blog-o-roletach?journal_blog_post_id=244,https://rolety24.net/blog/post/862-czy-rolety-plisy-mozna-prac,301,1
/blog-o-roletach?journal_blog_post_id=242,https://rolety24.net/blog/post/860-czy-rolety-rzymskie-mozna-prac,301,1
/blog-o-roletach/czy-rolety-sa-drogie,https://rolety24.net/blog/post/1012-czy-rolety-sa-drogie,301,1
/blog-o-roletach/Czy%20rolety%20drogie%20sa,https://rolety24.net/blog/post/732-czy-rolety-sa-drogie,301,1
/blog-o-roletach?journal_blog_post_id=233,https://rolety24.net/blog/post/851-czy-rolety-termoizolacyjne-rzeczywiscie-dzialaja,301,1
/blog-o-roletach/czy-rolety-termoizolacyjne-sa-dobrym-wyborem-na-zime,https://rolety24.net/blog/post/834-czy-rolety-termoizolacyjne-sa-dobrym-wyborem-na-zime,301,1
/blog-o-roletach?journal_blog_post_id=235,https://rolety24.net/blog/post/853-czy-rolety-termoizolacyjne-zapobiegaja-tylko-nagrzewaniu-czy-takze-wychladzaniu,301,1
/blog-o-roletach/Rolety%20termo%20czemu%20zapobiegaja,https://rolety24.net/blog/post/1029-czy-rolety-termoizolacyjne-zapobiegaja-tylko-nagrzewaniu-czy-takze-wychladzaniu,301,1
/blog-o-roletach/czy-rolety-wewnetrzne-zatrzymuja-cieplo,https://rolety24.net/blog/post/704-czy-rolety-wewnetrzne-zatrzymuja-cieplo,301,1
/blog-o-roletach/czy-rolety-zewnetrzne-chronia-przed-halasem,https://rolety24.net/blog/post/835-czy-rolety-zewnetrzne-chronia-przed-halasem,301,1
/blog-o-roletach/czy-sa-moskitiery-na-okna-dachowe,https://rolety24.net/blog/post/844-czy-sa-moskitiery-na-okna-dachowe,301,1
/blog-o-roletach/czy-warto-montowac-rolety-zewnetrzne,https://rolety24.net/blog/post/883-czy-warto-montowac-rolety-zewnetrzne,301,1
/blog-o-roletach/czy-warto-wybierac-rolety-w-intensywnych-barwach,https://rolety24.net/blog/post/1014-czy-warto-wybierac-rolety-w-intensywnych-barwach,301,1
/blog-o-roletach/zywe%20kolory%20czy%20warto,https://rolety24.net/blog/post/722-czy-warto-wybierac-rolety-w-intensywnych-barwach,301,1
/blog-o-roletach/czy-warto-wybrac-wzorzyste-rolety,https://rolety24.net/blog/post/708-czy-warto-wybrac-wzorzyste-rolety,301,1
/blog-o-roletach?journal_blog_post_id=236,https://rolety24.net/blog/post/1006-czy-wszystkie-rolety-w-mieszkaniu-musza-byc-takie-same,301,1
/blog-o-roletach/Nie%20wszystkie%20rolety%20musza%20byc%20te%20same,https://rolety24.net/blog/post/854-czy-wszystkie-rolety-w-mieszkaniu-musza-byc-takie-same,301,1
/blog-o-roletach?journal_blog_post_id=150,https://rolety24.net/blog/post/768-czym-jest-syndrom-chorego-budynku,301,1
/blog-o-roletach/czym-przeslonic-szklane-scianki,https://rolety24.net/blog/post/740-czym-przeslonic-szklane-scianki-w-nowoczesnym-biurze,301,1
/blog-o-roletach?journal_blog_post_id=157,https://rolety24.net/blog/post/775-czym-sa-fotorolety,301,1
/blog-o-roletach/czym-sa-szyny-sufitowe,https://rolety24.net/blog/post/892-czym-sa-szyny-sufitowe,301,1
/blog-o-roletach/czym-sie-kierowac-wybierajac-kolor-rolet,https://rolety24.net/blog/post/1000-czym-sie-kierowac-wybierajac-kolor-rolety,301,1
/blog-o-roletach/Jak%20wybierac%20kolor%20rolety,https://rolety24.net/blog/post/736-czym-sie-kierowac-wybierajac-kolor-rolety,301,1
/blog-o-roletach/montaz-inwazyjny-a-bezinwazyjny,https://rolety24.net/blog/post/887-czym-sie-rozni-montaz-inwazyjny-od-bezinwazyjnego,301,1
/blog-o-roletach?journal_blog_post_id=343,https://rolety24.net/blog/post/921-czym-zaslonic-okno-dachowe,301,1
/blog-o-roletach/czyszczenie-rolet-materialowych-jak-to-zrobic,https://rolety24.net/blog/post/647-czyszczenie-rolet-materialowych-jak-to-zrobic,301,1
/blog-o-roletach/czyszczenie-rolet-plisowanych,https://rolety24.net/blog/post/907-czyszczenie-rolet-plisowanych,301,1
/blog-o-roletach/demontaz-rolety-w-kasecie,https://rolety24.net/blog/post/677-demontaz-rolety-w-kasecie,301,1
/blog-o-roletach?journal_blog_post_id=192,https://rolety24.net/blog/post/1018-dlaczego-roleta-sama-opada,301,1
/blog-o-roletach/Roleta%20opada%20przyczyny%20i%20rozwiazania,https://rolety24.net/blog/post/810-dlaczego-roleta-sama-opada,301,1
/blog-o-roletach/dlaczego-warto-zalozyc-moskitiere,https://rolety24.net/blog/post/637-dlaczego-warto-zalozyc-moskitiere,301,1
/blog-o-roletach?journal_blog_post_id=230,https://rolety24.net/blog/post/848-dlaczego-warto-zamowic-rolety-w-sklepie-internetowym,301,1
/blog-o-roletach?journal_blog_post_id=176,https://rolety24.net/blog/post/794-dlaczego-warto-zdecydowac-sie-na-rolety-na-wymiar,301,1
/blog-o-roletach?journal_blog_post_id=134,https://rolety24.net/blog/post/752-do-jakich-pomieszczen-pasuja-verticale-zaluzje-pionowe,301,1
/blog-o-roletach/dobieramy-oslony-do-typu-pomieszczenia,https://rolety24.net/blog/post/706-dobieramy-oslony-do-typu-pomieszczenia,301,1
/blog-o-roletach/dobieramy-rolety-do-oswietlenia,https://rolety24.net/blog/post/895-dobieramy-rolety-do-oswietlenia-w-pomieszczeniu,301,1
/blog-o-roletach/dobieramy-rolety-do-wnetrza,https://rolety24.net/blog/post/980-dobieramy-rolety-do-typu-pomieszczenia,301,1
/blog-o-roletach/styl%20skandynawski%20rolety,https://rolety24.net/blog/post/695-dobieramy-rolety-do-wnetrza-styl-skandynawski,301,1
/blog-o-roletach?journal_blog_post_id=178,https://rolety24.net/blog/post/984-domowe-sposoby-na-czyste-szyby,301,1
/blog-o-roletach/domowe-sposoby-na-czyste-szyby,https://rolety24.net/blog/post/796-domowe-sposoby-na-czyste-szyby,301,1
/blog-o-roletach?journal_blog_post_id=346,https://rolety24.net/blog/post/918-drzwi-balkonowe-jakie-rolety-wybrac,301,1
/blog-o-roletach?journal_blog_post_id=156,https://rolety24.net/blog/post/774-grzyb-i-plesn-przy-oknach-usuwanie-i-zapobieganie,301,1
/blog-o-roletach?journal_blog_post_id=141,https://rolety24.net/blog/post/759-idealne-rolety-do-ekskluzywnego-mieszkania-rzymskie-czy-austriackie,301,1
/blog-o-roletach/idealne-rolety-do-salonu-urody,https://rolety24.net/blog/post/738-idealne-rolety-do-salonu-urody-i-odnowy-biologicznej,301,1
/blog-o-roletach/idealne-rolety-na-lato,https://rolety24.net/blog/post/713-idealne-rolety-na-lato,301,1
/blog-o-roletach?journal_blog_post_id=138,https://rolety24.net/blog/post/756-idealne-rolety-wewnetrzne-do-domku-letniskowego,301,1
/blog-o-roletach/koszt-rolet-dzien-noc,https://rolety24.net/blog/post/680-ile-kosztuja-rolety-dzien-noc,301,1
/blog-o-roletach/jak-czyscic-plisy,https://rolety24.net/blog/post/656-jak-czyscic-plisy,301,1
/blog-o-roletach/jak-czyscic-rolety-dzien-noc,https://rolety24.net/blog/post/651-jak-czyscic-rolety-dzien-noc,301,1
/blog-o-roletach/jak-dbac-o-moskitiery-okienne,https://rolety24.net/blog/post/992-jak-dbac-o-moskitiery-okienne,301,1
/blog-o-roletach?journal_blog_post_id=212,https://rolety24.net/blog/post/830-jak-dobrac-firanki-do-rolet,301,1
/blog-o-roletach/jak-dobrac-rolete-do-okna-dachowego,https://rolety24.net/blog/post/901-jak-dobrac-rolete-do-okna-dachowego,301,1
/blog-o-roletach/jak-dobrac-rolety-do-stylu-wnetrza,https://rolety24.net/blog/post/634-jak-dobrac-rolety-do-stylu-wnetrza,301,1
"/blog-o-roletach/Rolety,%20aby%20najlepiej%20chronic%20pokoj%20przed%20słoncem",https://rolety24.net/blog/post/1027-jak-dobrac-rolety-aby-najlepiej-chronic-pokoj-przed-sloncem,301,1
/blog-o-roletach/jak-dobrac-rolety-aby-najlepiej-chronic-pokoj-przed-sloncem,https://rolety24.net/blog/post/821-jak-dobrac-rolety-aby-najlepiej-chronic-pokoj-przed-sloncem,301,1
/blog-o-roletach/jak-efektywnie-wietrzyc-mieszkanie-zima,https://rolety24.net/blog/post/687-jak-efektywnie-wietrzyc-mieszkanie-zima,301,1
/blog-o-roletach/jak-kolory-rolet-wplywaja-na-nasz-nastroj,https://rolety24.net/blog/post/726-jak-kolory-rolet-wplywaja-na-nasz-nastroj,301,1
/blog-o-roletach/jak-kupic-rolety-przez-internet,https://rolety24.net/blog/post/625-jak-kupic-rolety-przez-internet,301,1
/blog-o-roletach/jak-laczyc-rolety-z-zaslonami,https://rolety24.net/blog/post/684-jak-laczyc-rolety-z-zaslonami,301,1
/blog-o-roletach?journal_blog_post_id=333,https://rolety24.net/blog/post/939-jak-mierzyc-rolety-dzien-noc,301,1
/blog-o-roletach/jak-nalezy-wietrzyc-mieszkanie,https://rolety24.net/blog/post/743-jak-nalezy-wietrzyc-mieszkanie-w-sezonie-zimowym,301,1
/blog-o-roletach/jak-naprawic-moskitiere,https://rolety24.net/blog/post/896-jak-naprawic-moskitiere,301,1
/blog-o-roletach?journal_blog_post_id=206,https://rolety24.net/blog/post/824-jak-naprawic-rolety-plisy,301,1
/blog-o-roletach/jak-odpowiednio-mierzyc-okno-pod-plisy,https://rolety24.net/blog/post/866-jak-odpowiednio-mierzyc-okno-pod-plisy-okienne,301,1
/blog-o-roletach?journal_blog_post_id=147,https://rolety24.net/blog/post/765-jak-optycznie-powiekszyc-niewielkie-poddasze,301,1
/blog-o-roletach?journal_blog_post_id=208,https://rolety24.net/blog/post/999-jak-oslonic-okna-na-parterze,301,1
/blog-o-roletach/Jak%20oslonic%20okna%20na%20parterze%20poradnik,https://rolety24.net/blog/post/826-jak-oslonic-okna-na-parterze,301,1
/blog-o-roletach?journal_blog_post_id=246,https://rolety24.net/blog/post/864-jak-oslonic-okna-w-gabinecie-lekarskim,301,1
/blog-o-roletach?journal_blog_post_id=239,https://rolety24.net/blog/post/857-jak-oslonic-okna-w-wynajmowanym-mieszkaniu,301,1
/blog-o-roletach/Jak-oslonic-okno-balkonowe,https://rolety24.net/blog/post/650-jak-oslonic-okno-balkonowe,301,1
/blog-o-roletach?journal_blog_post_id=191,https://rolety24.net/blog/post/809-jak-oslonic-okno-w-gabinecie-kosmetologicznym,301,1
/blog-o-roletach/jak-pomalowac-metalowy-karnisz,https://rolety24.net/blog/post/880-jak-pomalowac-metalowy-karnisz,301,1
/blog-o-roletach/jak-powiesic-zaslony-bez-karnisza,https://rolety24.net/blog/post/877-jak-powiesic-zaslony-bez-karnisza,301,1
/blog-o-roletach?journal_blog_post_id=193,https://rolety24.net/blog/post/1017-jak-pozbyc-sie-owadow-z-domu-latem,301,1
/blog-o-roletach/sposoby%20na%20owady%20z%20domu,https://rolety24.net/blog/post/811-jak-pozbyc-sie-owadow-z-domu-latem,301,1
/blog-o-roletach/jak-prac-plisy-okienne,https://rolety24.net/blog/post/922-jak-prac-plisy-okienne-tak-aby-ich-nie-zniszczyc,301,1
/blog-o-roletach/jak-prawidlowo-zalozyc-moskitiere-na-okno,https://rolety24.net/blog/post/865-jak-prac-plisy-okienne-tak-aby-ich-nie-zniszczyc,301,1
/blog-o-roletach?journal_blog_post_id=146,https://rolety24.net/blog/post/764-jak-przeksztalcic-pokoj-dzieciecy-w-krolestwo-nastolatki,301,1
/blog-o-roletach/jak-skrocic-metalowy-karnisz,https://rolety24.net/blog/post/874-jak-skrocic-metalowy-karnisz-aby-go-nie-zniszczyc,301,1
/blog-o-roletach?journal_blog_post_id=143,https://rolety24.net/blog/post/761-jak-stworzyc-prywatne-kino-w-domu,301,1
/blog-o-roletach?journal_blog_post_id=308,https://rolety24.net/blog/post/924-jak-szybko-zamontowac-moskitiere-na-rzep,301,1
/blog-o-roletach/jak-szybko-zamontowac-moskitiere-na-rzep,https://rolety24.net/blog/post/871-jak-szybko-zamontowac-moskitiere-na-rzep-porady,301,1
/blog-o-roletach/jak-swiatlo-sloneczne-wplywa-na-zdrowie-czlowieka,https://rolety24.net/blog/post/633-jak-swiatlo-sloneczne-wplywa-na-zdrowie-czlowieka,301,1
/blog-o-roletach/jak-udekorowac-i-zaslonic-okno-bez-karnisza,https://rolety24.net/blog/post/990-jak-udekorowac-i-zaslonic-okno-bez-karnisza,301,1
/blog-o-roletach?journal_blog_post_id=159,https://rolety24.net/blog/post/777-jak-uniknac-przeciagow-w-domu,301,1
/blog-o-roletach?journal_blog_post_id=169,https://rolety24.net/blog/post/787-jak-urzadzic-mieszkanie-w-stylu-prowansalskim,301,1
/blog-o-roletach/jak-usunac-klej-z-okna,https://rolety24.net/blog/post/903-jak-usunac-klej-z-okna-po-moskitierze,301,1
/blog-o-roletach?journal_blog_post_id=190,https://rolety24.net/blog/post/808-jak-usunac-tluste-plamy-z-rolet,301,1
/blog-o-roletach/jak-wybrac-moskitiere,https://rolety24.net/blog/post/709-jak-wybrac-moskitiere,301,1
/blog-o-roletach?journal_blog_post_id=340,https://rolety24.net/blog/post/1010-jak-wybrac-rolety-wewnetrzne,301,1
/blog-o-roletach/jak-wybrac-rolety-wewnetrzne,https://rolety24.net/blog/post/675-jak-wybrac-rolety-wewnetrzne,301,1
/blog-o-roletach?journal_blog_post_id=142,https://rolety24.net/blog/post/760-jak-wyczyscic-rolety-bambusowe,301,1
/blog-o-roletach/jak-wymienic-material-w-rolecie-kasetowej,https://rolety24.net/blog/post/666-jak-wymienic-material-w-rolecie-kasetowej-i-czy-to-sie-oplaca,301,1
/blog-o-roletach/jak-wymienic-sznurek-w-rolecie,https://rolety24.net/blog/post/986-jak-wymienic-sznurek-w-rolecie,301,1
/blog-o-roletach/jak-wymierzyc-okno-do-montazu-rolet,https://rolety24.net/blog/post/670-jak-wymierzyc-okno-do-montazu-rolet,301,1
/blog-o-roletach/okno%20do%20montażu%20rolet%20wymiary,https://rolety24.net/blog/post/670-jak-wymierzyc-okno-do-montazu-rolet,301,1
/blog-o-roletach?journal_blog_post_id=310,https://rolety24.net/blog/post/926-jak-wyregulowac-rolety-dzien-noc,301,1
/blog-o-roletach/jak-wyregulowac-rolety-dzien-noc,https://rolety24.net/blog/post/882-jak-wyregulowac-rolety-dzien-noc,301,1
/blog-o-roletach?journal_blog_post_id=165,https://rolety24.net/blog/post/783-jak-zaaranzowac-prywatny-kacik-do-czytania,301,1
/blog-o-roletach?journal_blog_post_id=238,https://rolety24.net/blog/post/996-jak-zabezpieczyc-okna-przed-zwierzetami,301,1
/blog-o-roletach/Jak%20zabezpieczyc%20okna%20przed%20zwierzetami,https://rolety24.net/blog/post/856-jak-zabezpieczyc-okna-przed-zwierzetami,301,1
/blog-o-roletach/jak-zamontowac-plisy-okienne,https://rolety24.net/blog/post/867-jak-zamontowac-plisy-okienne,301,1
/blog-o-roletach?journal_blog_post_id=311,https://rolety24.net/blog/post/927-jak-zamontowac-plisy-w-oknie,301,1
/blog-o-roletach/rolety-dzien-noc-zylka,https://rolety24.net/blog/post/909-jak-zamontowac-rolety-dzien-noc-z-zylka,301,1
/blog-o-roletach/jak-zaslonic-okno-w-sypialni,https://rolety24.net/blog/post/632-jak-zaslonic-okno-w-sypialni,301,1
/blog-o-roletach/jak-zestawiac-kolory-we-wnetrzach,https://rolety24.net/blog/post/636-jak-zestawiac-kolory-we-wnetrzach,301,1
/blog-o-roletach/jak-zlozyc-moskitiere,https://rolety24.net/blog/post/875-jak-zlozyc-moskitiere,301,1
/blog-o-roletach/jak-zmierzyc-okno-pod-zaluzje,https://rolety24.net/blog/post/898-jak-zmierzyc-okno-pod-zaluzje,301,1
/blog-o-roletach/jak-zmierzyc-rolete-mini,https://rolety24.net/blog/post/621-jak-zmierzyc-rolete-mini,301,1
/blog-o-roletach?journal_blog_post_id=201,https://rolety24.net/blog/post/819-jak-zminimalizowac-halas-z-zewnatrz,301,1
/blog-o-roletach/jaki-karnisz-w-2021,https://rolety24.net/blog/post/890-jaki-karnisz-wybrac-w-2021-roku,301,1
/blog-o-roletach?journal_blog_post_id=314,https://rolety24.net/blog/post/929-jaki-karnisz-wybrac-w-2022-roku,301,1
/blog-o-roletach?journal_blog_post_id=196,https://rolety24.net/blog/post/814-jaki-karnisz-wybrac,301,1
/blog-o-roletach/jakich-bledow-unikac-przy-czyszczeniu-rolet,https://rolety24.net/blog/post/729-jakich-bledow-unikac-przy-czyszczeniu-rolet,301,1
/blog-o-roletach/jaki-firanki-do-rolet-dzien-noc,https://rolety24.net/blog/post/1020-jakie-firanki-do-rolet-dzien-noc,301,1
/blog-o-roletach/firanki%20i%20rolety%20dzien%20noc,https://rolety24.net/blog/post/679-jakie-firanki-do-rolet-dzien-noc,301,1
/blog-o-roletach/jakie-funkcje-maja-rolety,https://rolety24.net/blog/post/707-jakie-funkcje-maja-rolety,301,1
/blog-o-roletach?journal_blog_post_id=158,https://rolety24.net/blog/post/776-jakie-korzysci-oferuja-rolety-jesienia-i-zima,301,1
/blog-o-roletach/jakie-moskitiery-wybrac-do-drzwi-balkonowych,https://rolety24.net/blog/post/872-jakie-moskitiery-wybrac-do-drzwi-balkonowych,301,1
/blog-o-roletach?journal_blog_post_id=315,https://rolety24.net/blog/post/930-jakie-moskitiery-wybrac-na-drzwi-balkonowe,301,1
/blog-o-roletach/jakie-plisy-wybrac-do-okien,https://rolety24.net/blog/post/904-jakie-plisy-wybrac-do-okien-lukowych,301,1
/blog-o-roletach/jakie-rolety-najlepiej-sprawdzaja-sie-podczas-upalow,https://rolety24.net/blog/post/665-jakie-rolety-najlepiej-sprawdzaja-sie-podczas-upalow,301,1
/blog-o-roletach/jakie-rolety-sprawdzaja-sie-w-lazience,https://rolety24.net/blog/post/627-jakie-rolety-sprawdza-sie-w-lazience,301,1
/blog-o-roletach/jakie-rolety-wybrac-do-domowego-biura,https://rolety24.net/blog/post/994-jakie-rolety-wybrac-do-domowego-biura,301,1
/blog-o-roletach?journal_blog_post_id=335,https://rolety24.net/blog/post/941-jakie-rolety-wybrac-do-malego-mieszkania,301,1
/blog-o-roletach?journal_blog_post_id=229,https://rolety24.net/blog/post/847-jakie-rolety-wybrac-do-studia-tatuazu,301,1
/blog-o-roletach?journal_blog_post_id=171,https://rolety24.net/blog/post/789-jakie-trendy-wnetrzarskie-przynosi-nowy-rok,301,1
/blog-o-roletach?journal_blog_post_id=213,https://rolety24.net/blog/post/831-jesienne-rosliny-i-ozdoby-na-balkon,301,1
/blog-o-roletach/karnisz-czy-szyna-sufitowa,https://rolety24.net/blog/post/891-karnisz-czy-szyna-sufitowa-co-lepsze,301,1
/blog-o-roletach?journal_blog_post_id=317,https://rolety24.net/blog/post/932-karnisze-salonowe-dobry-wybor,301,1
/blog-o-roletach/karnisze-salonowe,https://rolety24.net/blog/post/889-karnisze-salonowe-dobry-wybor,301,1
/blog-o-roletach?journal_blog_post_id=293,https://rolety24.net/blog/post/911-kiedy-jest-najlepszy-moment-na-wymiane-rolet,301,1
/blog-o-roletach?journal_blog_post_id=207,https://rolety24.net/blog/post/1024-kiedy-konieczna-jest-wymiana-rolet-na-nowe,301,1
/blog-o-roletach/wymiana%20rolet%20na%20nowe%20kiedy,https://rolety24.net/blog/post/825-kiedy-konieczna-jest-wymiana-rolet-na-nowe,301,1
/blog-o-roletach?journal_blog_post_id=183,https://rolety24.net/blog/post/801-kiedy-najlepiej-montowac-okna,301,1
/blog-o-roletach/kiedy-najlepiej-wymienic-okna,https://rolety24.net/blog/post/745-kiedy-najlepiej-wymienic-okna,301,1
/blog-o-roletach/kiedy-postawic-na-rolety-zaciemniajace,https://rolety24.net/blog/post/727-kiedy-postawic-na-rolety-zaciemniajace,301,1
/blog-o-roletach/kiedy-powstaly-rolety,https://rolety24.net/blog/post/681-kiedy-powstaly-rolety,301,1
/blog-o-roletach/kiedy-sprawdzaja-sie-rolety-mini,https://rolety24.net/blog/post/692-kiedy-sprawdzaja-sie-rolety-mini,301,1
/blog-o-roletach?journal_blog_post_id=296,https://rolety24.net/blog/post/914-kolor-rolet-a-wystroj-pomieszczenia,301,1
/blog-o-roletach/kolorowe-rolety-do-jakich-wnetrz-pasuja,https://rolety24.net/blog/post/1028-kolorowe-rolety-do-jakich-wnetrz-pasuja,301,1
/blog-o-roletach/Kolorowe%20rolety%20do%20jakich%20wnetrz%20pasuja,https://rolety24.net/blog/post/720-kolorowe-rolety-do-jakich-wnetrz-pasuja,301,1
/blog-o-roletach?journal_blog_post_id=167,https://rolety24.net/blog/post/785-konserwacja-okien-plastikowych-tresciwy-poradnik,301,1
/blog-o-roletach/konserwacja-rolet-zewnetrznych,https://rolety24.net/blog/post/669-konserwacja-rolet-zewnetrznych,301,1
/blog-o-roletach/krzywa-roleta-dzien-noc-jak-ja-wyregulowac,https://rolety24.net/blog/post/962-krzywa-roleta-dzien-noc-jak-ja-wyregulowac,301,1
/blog-o-roletach/ktore-lepiej-wybrac-rolety-czy-pilsy,https://rolety24.net/blog/post/820-ktore-lepiej-wybrac-rolety-czy-plisy,301,1
/blog-o-roletach/kupno-rolet-co-warto-rozwazyc,https://rolety24.net/blog/post/718-kupno-rolet-co-warto-rozwazyc,301,1
/blog-o-roletach/kupno-rolet-przez-internet-na-co-zwrocic-uwage,https://rolety24.net/blog/post/702-kupno-rolet-przez-internet-na-co-zwrocic-uwage,301,1
/blog-o-roletach/sposob-na-ukrycie-karnisza,https://rolety24.net/blog/post/888-latwy-sposob-na-ukrycie-karnisza,301,1
/blog-o-roletach?journal_blog_post_id=153,https://rolety24.net/blog/post/771-mala-metamorfoza-pokoju-dziecka-przed-nowym-rokiem-szkolnym,301,1
/blog-o-roletach/male-mieszkanie-wieksza-przestrzen-jak-optycznie-powiekszyc-pomieszczenie,https://rolety24.net/blog/post/639-male-mieszkanie-wieksza-przestrzen-jak-optycznie-powiekszyc-pomieszczenie,301,1
/blog-o-roletach/markizy-balkonowe-czy-rolety-wewnetrzne,https://rolety24.net/blog/post/750-markizy-balkonowe-czy-rolety-wewnetrzne-co-lepiej-wybrac,301,1
/blog-o-roletach/modne-kolory-rolet,https://rolety24.net/blog/post/735-modne-kolory-rolet-na-jakie-sie-zdecydowac,301,1
/blog-o-roletach/modne-rolety-na-jesien,https://rolety24.net/blog/post/725-modne-rolety-na-jesien,301,1
/blog-o-roletach/modne-rolety-na-wiosne,https://rolety24.net/blog/post/701-modne-rolety-na-wiosne,301,1
/blog-o-roletach?journal_blog_post_id=175,https://rolety24.net/blog/post/793-modne-rolety-w-2021-roku,301,1
/blog-o-roletach/montaz-karniszy-na-skosach,https://rolety24.net/blog/post/925-montaz-karniszy-na-skosach,301,1
/blog-o-roletach/montaz-moskitier-na-drzwi,https://rolety24.net/blog/post/873-montaz-moskitier-na-drzwi,301,1
/blog-o-roletach?journal_blog_post_id=320,https://rolety24.net/blog/post/935-montaz-moskitiery-na-drzwi,301,1
/blog-o-roletach/montaz-rolet-dzien-noc-w-kasecie,https://rolety24.net/blog/post/908-montaz-rolet-dzien-noc-w-kasecie,301,1
/blog-o-roletach?journal_blog_post_id=321,https://rolety24.net/blog/post/936-montaz-rolet-plisowanych-oto-jak-to-zrobic,301,1
/blog-o-roletach/montaz-rolet-plisowanych,https://rolety24.net/blog/post/906-montaz-rolet-plisowanych-oto-jak-to-zrobic,301,1
/blog-o-roletach/montaz-szyny-sufitowej,https://rolety24.net/blog/post/893-montaz-szyny-sufitowej-w-kilku-krokach,301,1
/blog-o-roletach/moskitiera-na-co-zwrocic-uwage-przy-wyborze,https://rolety24.net/blog/post/988-moskitiera-na-co-zwrocic-uwage-przy-wyborze,301,1
/blog-o-roletach?journal_blog_post_id=354,https://rolety24.net/blog/post/953-moskitiera-skuteczny-sposob-na-pozbycie-sie-owadow-w-domu,301,1
/blog-o-roletach/moskitiera-na-drzwi-tarasowe,https://rolety24.net/blog/post/886-moskitiera-na-drzwi-tarasowe,301,1
/blog-o-roletach?journal_blog_post_id=323,https://rolety24.net/blog/post/938-moskitiera-na-okno-z-roleta-zewnetrzna-czy-sie-sprawdzi,301,1
/blog-o-roletach/moskitiera-na-okno-z-roleta,https://rolety24.net/blog/post/869-moskitiera-na-okno-z-roleta-zewnetrzna-czy-sie-sprawdzi,301,1
/blog-o-roletach/moskitiera-ramkowa-jak-ja-wymierzyc-i-zalozyc,https://rolety24.net/blog/post/954-moskitiera-ramkowa-jak-ja-wymierzyc-i-zalozyc,301,1
/blog-o-roletach/moskitiery-okienne-co-powinienes-widziec-przed-zakupem,https://rolety24.net/blog/post/839-moskitiery-okienne-co-powinienes-wiedziec-przed-zakupem,301,1
/blog-o-roletach/Moskitiery%20zakup%20na%20co%20zwracac%20uwage,https://rolety24.net/blog/post/1019-moskitiery-okienne-co-powinienes-wiedziec-przed-zakupem,301,1
/blog-o-roletach/moskitiery-ramkowe-czy-rolowane-ktore-wybrac,https://rolety24.net/blog/post/845-moskitiery-ramkowe-czy-rolowane-ktore-wybrac,301,1
/blog-o-roletach/moskitiery-skutecznym-sposobem-na-owady-w-letnie-wieczory,https://rolety24.net/blog/post/822-moskitiery-skutecznym-sposobem-na-owady-w-letnie-wieczory,301,1
/blog-o-roletach?journal_blog_post_id=185,https://rolety24.net/blog/post/803-moskitiery-czyli-skuteczna-ochrona-przed-insektami,301,1
/blog-o-roletach?journal_blog_post_id=197,https://rolety24.net/blog/post/815-na-co-zwrocic-uwage-podczas-montazu-rolety,301,1
/blog-o-roletach?journal_blog_post_id=144,https://rolety24.net/blog/post/762-na-co-zwrocic-uwage-przed-zakupem-moskitiery,301,1
/blog-o-roletach?journal_blog_post_id=182,https://rolety24.net/blog/post/800-na-co-zwrocic-uwage-przy-doborze-rolet,301,1
/blog-o-roletach?journal_blog_post_id=232,https://rolety24.net/blog/post/850-na-co-zwrocic-uwage-wybierajac-rolety-w-kasecie,301,1
/blog-o-roletach?journal_blog_post_id=173,https://rolety24.net/blog/post/791-na-czym-polega-personalizacja-przestrzeni,301,1
/blog-o-roletach/na-jak-dlugo-starcza-rolety,https://rolety24.net/blog/post/899-na-jak-dlugo-starcza-rolety-okienne,301,1
/blog-o-roletach/najczestsze-bledy-popelniane-przy-montazu-rolet-okiennych,https://rolety24.net/blog/post/989-najczestsze-bledy-popelniane-przy-montazu-rolet-okiennych,301,1
/blog-o-roletach/najczestsze-bledy-popelniane-przy-wyborze-rolet,https://rolety24.net/blog/post/659-najczestsze-bledy-popelniane-przy-wyborze-rolet,301,1
/blog-o-roletach?journal_blog_post_id=149,https://rolety24.net/blog/post/767-najlepsze-rolety-do-domowego-studia-fotograficznego,301,1
/blog-o-roletach/najlepsze-rolety-do-lazienki,https://rolety24.net/blog/post/694-najlepsze-rolety-do-lazienki,301,1
/blog-o-roletach/najlepsze-rolety-do-okien-z-wywietrznikami,https://rolety24.net/blog/post/710-najlepsze-rolety-do-okien-z-wywietrznikami,301,1
/blog-o-roletach/najlepsze-rolety-do-salonu,https://rolety24.net/blog/post/715-najlepsze-rolety-do-salonu,301,1
/blog-o-roletach/najmodniejsze-kolory-rolet,https://rolety24.net/blog/post/749-najmodniejsze-kolory-rolet-na-wiosne-lato-2020,301,1
/blog-o-roletach/kolory%20rolet%20na%20wiosnę-lato%202024,https://rolety24.net/blog/post/1004-najmodniejsze-kolory-rolet-na-wiosne-lato-2024,301,1
/blog-o-roletach?journal_blog_post_id=370,https://rolety24.net/blog/post/969-najnowsze-trendy-w-designie-rolet-wewnetrznych-odkryj-najmodniejsze-wzory-i-kolory,301,1
/blog-o-roletach?journal_blog_post_id=295,https://rolety24.net/blog/post/913-najpopularniejsze-modele-rolet-w-naszym-sklepie,301,1
/blog-o-roletach/najpopularniejsze-tkaniny-do-rolet,https://rolety24.net/blog/post/682-najpopularniejsze-tkaniny-do-rolet,301,1
/blog-o-roletach?journal_blog_post_id=162,https://rolety24.net/blog/post/780-neutralny-czy-wyrazisty-jaki-powinien-byc-kolor-rolety,301,1
/blog-o-roletach/Najlepszy%20kolor%20rolety,https://rolety24.net/blog/post/795-nieszczelne-okna-jak-temu-zaradzic,301,1
/blog-o-roletach?journal_blog_post_id=177,https://rolety24.net/blog/post/910-o-czym-nalezy-pamietac-urzadzajac-pokoj-nastolatka,301,1
/blog-o-roletach?journal_blog_post_id=292,https://rolety24.net/blog/post/982-o-czym-pamietac-przy-kupnie-rolety-w-kasecie,301,1
/blog-o-roletach/o-czym-nalezy-pamietac-przy-kupnie-rolety-w-kasecie,https://rolety24.net/blog/post/676-o-czym-pamietac-przy-kupnie-rolety-w-kasecie,301,1
/blog-o-roletach/kupno-rolety-w-kasecie,https://rolety24.net/blog/post/676-o-czym-pamietac-przy-kupnie-rolety-w-kasecie,301,1
/blog-o-roletach/od-czego-zalezy-cena-rolety,https://rolety24.net/blog/post/1032-od-czego-zalezy-cena-rolety,301,1
/blog-o-roletach/Od%20czego%20zalezy%20cena%20rolety,https://rolety24.net/blog/post/648-od-czego-zalezy-cena-rolety,301,1
/blog-o-roletach?journal_blog_post_id=209,https://rolety24.net/blog/post/827-odpowiadamy-na-najczesciej-zadawane-pytania-dotyczace-rolet,301,1
/blog-o-roletach/okiennice-wewnetrzne-w-jakich-pomieszczeniach,https://rolety24.net/blog/post/747-okiennice-wewnetrzne-w-jakich-pomieszczeniach-warto-je-zamontowac,301,1
/blog-o-roletach/okna-dachowe-jak-je-zaslonic,https://rolety24.net/blog/post/626-okna-dachowe-jak-je-zaslonic,301,1
/blog-o-roletach/rolety%20na%20okna%20dachowe,https://rolety24.net/blog/post/1013-okna-dachowe-jak-je-zaslonic,301,1
/blog-o-roletach/okna_na_poddaszu_rolety_czy_plisy,https://rolety24.net/blog/post/652-okna-na-poddaszu-rolety-czy-plisy,301,1
/blog-o-roletach?journal_blog_post_id=241,https://rolety24.net/blog/post/859-okna-od-strony-poludniowej-co-musisz-wiedziec,301,1
/blog-o-roletach/opuszczajaca-sie-roleta-co-zrobic,https://rolety24.net/blog/post/703-opuszczajaca-sie-roleta-co-zrobic,301,1
/blog-o-roletach?journal_blog_post_id=189,https://rolety24.net/blog/post/807-oslanianie-okien-balkonowych-na-co-zwrocic-uwage,301,1
/blog-o-roletach?journal_blog_post_id=371,https://rolety24.net/blog/post/970-oszczedzaj-energie-dzieki-roletom-wewnetrznym-jak-zwiekszyc-efektywnosc-energetyczna-swojego-domu,301,1
/blog-o-roletach?journal_blog_post_id=154,https://rolety24.net/blog/post/772-pajaki-w-domu-jak-szybko-sie-ich-pozbyc,301,1
/blog-o-roletach/plesn-na-rolecie-jak-sie-jej-pozbyc,https://rolety24.net/blog/post/698-plesn-na-rolecie-jak-sie-jej-pozbyc,301,1
/blog-o-roletach?journal_blog_post_id=325,https://rolety24.net/blog/post/940-plesn-na-roletach-okiennych-jak-ja-usunac,301,1
/blog-o-roletach/plesn-na-roletach,https://rolety24.net/blog/post/881-plesn-na-roletach-okiennych-jak-ja-usunac,301,1
/blog-o-roletach/plisy-w-jakich-pomieszczeniach-sprawdza-sie-najlepiej,https://rolety24.net/blog/post/717-plisy-w-jakich-pomieszczeniach-sprawdzaja-sie-najlepiej,301,1
/blog-o-roletach?journal_blog_post_id=205,https://rolety24.net/blog/post/823-plisy-a-rolety-dzien-i-noc-porownanie,301,1
/blog-o-roletach?journal_blog_post_id=360,https://rolety24.net/blog/post/959-plisy-czy-rolety-co-wybrac,301,1
/blog-o-roletach/plisy-czy-rolety-dzien-noc,https://rolety24.net/blog/post/678-plisy-czy-rolety-dzien-noc,301,1
/blog-o-roletach/Plisy%20vs%20rolety%20dzień%20noc,https://rolety24.net/blog/post/1033-plisy-czy-rolety-dzien-noc,301,1
/blog-o-roletach/plisy-do-lazienki-alez-tak,https://rolety24.net/blog/post/905-plisy-do-lazienki-alez-tak,301,1
/blog-o-roletach/plisy-okienne-czy-rolety-co-wybrac,https://rolety24.net/blog/post/987-plisy-okienne-czy-rolety-co-wybrac,301,1
/blog-o-roletach/plisy-w-oknach-co-warto-wiedziec,https://rolety24.net/blog/post/638-plisy-w-oknach-co-warto-wiedziec,301,1
/blog-o-roletach?journal_blog_post_id=151,https://rolety24.net/blog/post/769-podstawowe-funkcje-moskitier-okiennych,301,1
/blog-o-roletach?journal_blog_post_id=155,https://rolety24.net/blog/post/773-podstawowe-rodzaje-wentylacji-w-budynkach-mieszkalnych,301,1
/blog-o-roletach/pomagamy-wymierzyc-moskitiere,https://rolety24.net/blog/post/870-pomagamy-wymierzyc-moskitiere,301,1
/blog-o-roletach?journal_blog_post_id=135,https://rolety24.net/blog/post/753-pomysly-na-wielkanocne-dekoracje-okien,301,1
/blog-o-roletach?journal_blog_post_id=328,https://rolety24.net/blog/post/943-poprawne-zamontowanie-karnisza-porady,301,1
/blog-o-roletach/poprawne-zamontowanie-karnisza,https://rolety24.net/blog/post/876-poprawne-zamontowanie-karnisza-porady,301,1
/blog-o-roletach/montaz-rolet-w-kasecie,https://rolety24.net/blog/post/894-poprawny-montaz-rolet-w-kasecie,301,1
/blog-o-roletach?journal_blog_post_id=294,https://rolety24.net/blog/post/912-poradnik-jak-oslonic-duze-okna,301,1
/blog-o-roletach?journal_blog_post_id=145,https://rolety24.net/blog/post/763-proste-sposoby-na-ochrone-mieszkania-przed-nagrzewaniem,301,1
/blog-o-roletach/przeglad-najciekawszych-rolet,https://rolety24.net/blog/post/734-przeglad-najciekawszych-rolet-w-atrakcyjnych-cenach,301,1
/blog-o-roletach?journal_blog_post_id=161,https://rolety24.net/blog/post/779-przepis-na-mistrzowska-drzemke-w-ciagu-dnia,301,1
/blog-o-roletach?journal_blog_post_id=174,https://rolety24.net/blog/post/1005-przygotowujemy-okna-na-nadejscie-wiosny,301,1
/blog-o-roletach/Przygotowujemy%20okna%20na%20nadejście%20wiosny,https://rolety24.net/blog/post/792-przygotowujemy-okna-na-nadejscie-wiosny,301,1
/blog-o-roletach?journal_blog_post_id=211,https://rolety24.net/blog/post/829-przygotuj-okna-w-swoim-mieszkaniu-na-jesien,301,1
/blog-o-roletach?journal_blog_post_id=240,https://rolety24.net/blog/post/858-psychologia-kolorow-we-wnetrzach,301,1
/blog-o-roletach?journal_blog_post_id=215,https://rolety24.net/blog/post/833-rodzaje-rolet-plisowanych-w-naszym-sklepie,301,1
/blog-o-roletach/rodzaje-rolet-wewnetrznych,https://rolety24.net/blog/post/629-rodzaje-rolet-wewnetrznych,301,1
/blog-o-roletach?journal_blog_post_id=187,https://rolety24.net/blog/post/805-roleta-krzywo-sie-zwija-jak-temu-zaradzic,301,1
/blog-o-roletach?journal_blog_post_id=332,https://rolety24.net/blog/post/947-roleta-mini-co-to-jest,301,1
/blog-o-roletach/roleta-mini-czy-roleta-z-prowadnicami,https://rolety24.net/blog/post/1003-roleta-mini-czy-roleta-z-prowadnicami,301,1
/blog-o-roletach/Roleta%20mini%20czy%20roleta%20z%20prowadnicami%20dla%20ciebie,https://rolety24.net/blog/post/645-roleta-mini-czy-roleta-z-prowadnicami,301,1
/blog-o-roletach?journal_blog_post_id=210,https://rolety24.net/blog/post/828-roleta-uszkadza-sciane-jak-temu-zaradzic,301,1
/blog-o-roletach/roleta-w-biurze-czy-to-dobre-rozwiazanie,https://rolety24.net/blog/post/1015-roleta-w-biurze-czy-to-dobre-rozwiazanie,301,1
/blog-o-roletach/Rozwiazanie%20do%20biura%20-%20roleta,https://rolety24.net/blog/post/641-roleta-w-biurze-czy-to-dobre-rozwiazanie,301,1
/blog-o-roletach/roleta-w-kasecie-plaskiej-czy-przestrzennej,https://rolety24.net/blog/post/719-roleta-w-kasecie-plaskiej-czy-przestrzennej,301,1
/blog-o-roletach?journal_blog_post_id=356,https://rolety24.net/blog/post/955-roleta-wewnetrzna-co-zrobic-gdy-sie-zablokuje,301,1
/blog-o-roletach/roleta-z-tkaniny-podgumowanej-czy-to-dobry-wybor,https://rolety24.net/blog/post/649-roleta-z-tkaniny-podgumowanej-czy-to-dobry-wybor,301,1
/blog-o-roletach?journal_blog_post_id=352,https://rolety24.net/blog/post/951-rolety-jak-je-dobrac,301,1
/blog-o-roletach/rolety-z-jakiego-materialu,https://rolety24.net/blog/post/640-rolety-z-jakiego-materialu,301,1
/blog-o-roletach/rolety-a-kolor-scian-w-pomieszczeniu,https://rolety24.net/blog/post/723-rolety-a-kolor-scian-w-pomieszczeniu,301,1
/blog-o-roletach/rolety-a-otwieranie-okien-mozliwe-problemy,https://rolety24.net/blog/post/1026-rolety-a-otwieranie-okien-mozliwe-problemy,301,1
/blog-o-roletach/Rolety%20a%20otwieranie%20okien%20–%20problemy,https://rolety24.net/blog/post/657-rolety-a-otwieranie-okien-mozliwe-problemy,301,1
/blog-o-roletach/rolety-a-regulacja-temperatury-we-wnetrzach,https://rolety24.net/blog/post/991-rolety-a-regulacja-temperatury-we-wnetrzach,301,1
/blog-o-roletach?journal_blog_post_id=195,https://rolety24.net/blog/post/813-rolety-automatycznie-sterowane-co-powinienies-wiedziec,301,1
/blog-o-roletach/rolety-bezpieczne-dla-dzieci,https://rolety24.net/blog/post/963-rolety-bezpieczne-dla-dzieci-jakie-wybrac,301,1
/blog-o-roletach/Rolety%20bezpieczne%20dla%20dzieci,https://rolety24.net/blog/post/997-rolety-bezpieczne-dla-dzieci,301,1
/blog-o-roletach/rolety-bezpieczne-dla-dzieci-jakie-wybrac,https://rolety24.net/blog/post/691-rolety-bezpieczne-dla-dzieci,301,1
/blog-o-roletach/rolety-bezpieczne-dla-zwierzat,https://rolety24.net/blog/post/672-rolety-bezpieczne-dla-zwierzat,301,1
/blog-o-roletach/rolety-czy-zaluzje-co-wybrac,https://rolety24.net/blog/post/622-rolety-czy-zaluzje-co-wybrac,301,1
/blog-o-roletach/rolety-dla-alergika,https://rolety24.net/blog/post/642-rolety-dla-alergika,301,1
/blog-o-roletach/rolety-do-eleganckiego-wnetrza,https://rolety24.net/blog/post/686-rolety-do-eleganckiego-wnetrza,301,1
/blog-o-roletach?journal_blog_post_id=345,https://rolety24.net/blog/post/928-rolety-do-kuchni-wszystko-co-musisz-wiedziec,301,1
/blog-o-roletach?journal_blog_post_id=344,https://rolety24.net/blog/post/920-rolety-do-lazienki-wszystko-co-musisz-wiedziec,301,1
/blog-o-roletach/rolety-do-mieszkania-w-stylu-glamour,https://rolety24.net/blog/post/728-rolety-do-mieszkania-w-stylu-glamour,301,1
/blog-o-roletach/rolety-do-nowoczesnego-salonu-jakie-wybrac,https://rolety24.net/blog/post/838-rolety-do-nowoczesnego-salonu-jakie-wybrac,301,1
/blog-o-roletach/rolety-do-okien-uchylnych-jakie-wybrac,https://rolety24.net/blog/post/664-rolety-do-okien-uchylnych-jakie-wybrac,301,1
/blog-o-roletach?journal_blog_post_id=181,https://rolety24.net/blog/post/799-rolety-do-pokoju-dzieciecego-jakie-powinny-byc,301,1
/blog-o-roletach/rolety-do-pokoju-dzieciecego-jakie-wybrac,https://rolety24.net/blog/post/995-rolety-do-pokoju-dzieciecego-jakie-wybrac,301,1
/blog-o-roletach/Rolety%20do%20pokoju%20dzieciecego%20jakie%20wybrac,https://rolety24.net/blog/post/631-rolety-do-pokoju-dzieciecego-jakie-wybrac,301,1
/blog-o-roletach/rolety-do-pokoju-nastolatka,https://rolety24.net/blog/post/683-rolety-do-pokoju-nastolatka,301,1
/blog-o-roletach?journal_blog_post_id=179,https://rolety24.net/blog/post/797-rolety-do-pomieszczenia-w-stylu-boho-jak-je-dobrac,301,1
/blog-o-roletach?journal_blog_post_id=339,https://rolety24.net/blog/post/931-rolety-do-sypialni-jak-wybrac,301,1
/blog-o-roletach?journal_blog_post_id=351,https://rolety24.net/blog/post/950-rolety-dzien-i-noc-czyli-idealne-rozwiazanie-dla-kazdego,301,1
/blog-o-roletach?journal_blog_post_id=334,https://rolety24.net/blog/post/942-rolety-dzien-noc-jak-dzialaja,301,1
/blog-o-roletach?journal_blog_post_id=357,https://rolety24.net/blog/post/956-rolety-dzien-noc-co-zrobic-zza-dlugimi-roletami,301,1
/blog-o-roletach?journal_blog_post_id=359,https://rolety24.net/blog/post/958-rolety-dzien-noc-czy-mozna-je-prac,301,1
/blog-o-roletach/rolety-dzien-noc-do-jakich-wnetrz-pasuja,https://rolety24.net/blog/post/673-rolety-dzien-noc-do-jakich-wnetrz-pasuja,301,1
/blog-o-roletach/Rolety-dzień-noc-vs-pilsy---co-wybrać,https://rolety24.net/blog/post/964-rolety-dzien-noc-vs-pilsy-co-wybrac,301,1
/blog-o-roletach?journal_blog_post_id=172,https://rolety24.net/blog/post/790-rolety-elektryczne-zalety-i-wady,301,1
/blog-o-roletach/rolety-inwazyjne-czy-bezinwazyjne,https://rolety24.net/blog/post/900-rolety-inwazyjne-czy-bezinwazyjne-doradzamy,301,1
/blog-o-roletach?journal_blog_post_id=347,https://rolety24.net/blog/post/917-rolety-kasetowe-jak-je-zamontowac,301,1
/blog-o-roletach?journal_blog_post_id=361,https://rolety24.net/blog/post/960-rolety-materialowe-jak-wyczyscic-je-z-plesni,301,1
/blog-o-roletach/rolety-mini-jakie-warianty-wybrac,https://rolety24.net/blog/post/733-rolety-mini-wsrod-jakich-wariantow-warto-wybierac,301,1
/blog-o-roletach?journal_blog_post_id=337,https://rolety24.net/blog/post/934-rolety-mini-czy-w-kasecie,301,1
/blog-o-roletach/rolety-na-okna-o-niestandardowych-ksztaltach,https://rolety24.net/blog/post/654-rolety-na-okna-o-niestandardowych-ksztaltach,301,1
/blog-o-roletach?journal_blog_post_id=194,https://rolety24.net/blog/post/812-rolety-na-okna-z-lukiem,301,1
/blog-o-roletach/rolety-na-poddasze,https://rolety24.net/blog/post/730-rolety-na-poddasze-co-sie-sprawdzi-a-czego-unikac,301,1
/blog-o-roletach?journal_blog_post_id=353,https://rolety24.net/blog/post/952-rolety-na-wymiar-dlaczego-warto,301,1
/blog-o-roletach/rolety-na-wymiar-dlaczego-warto-je-wybrac,https://rolety24.net/blog/post/1007-rolety-na-wymiar-dlaczego-warto-je-wybrac,301,1
/blog-o-roletach/Rolety%20na%20wymiar%20warto%20czy%20nie,https://rolety24.net/blog/post/658-rolety-na-wymiar-dlaczego-warto-je-wybrac,301,1
/blog-o-roletach?journal_blog_post_id=375,https://rolety24.net/blog/post/974-rolety-odbijajace-swiatlo-wszystko-co-musisz-wiedziec,301,1
/blog-o-roletach/rolety-okienne-najnowsze-trendy,https://rolety24.net/blog/post/630-rolety-okienne-najnowsze-trendy,301,1
/blog-o-roletach?journal_blog_post_id=331,https://rolety24.net/blog/post/946-rolety-plisowane-wady-i-zalety,301,1
/blog-o-roletach?journal_blog_post_id=137,https://rolety24.net/blog/post/755-rolety-plisowane-do-lazienki-jak-wybrac-najlepszy-model,301,1
/blog-o-roletach?journal_blog_post_id=373,https://rolety24.net/blog/post/972-rolety-plisowe-czy-mozna-je-prac,301,1
/blog-o-roletach?journal_blog_post_id=372,https://rolety24.net/blog/post/971-rolety-plisowe-jak-je-czyscic,301,1
/blog-o-roletach?journal_blog_post_id=368,https://rolety24.net/blog/post/967-rolety-plisowe-jak-je-mierzyc,301,1
/blog-o-roletach?journal_blog_post_id=349,https://rolety24.net/blog/post/948-rolety-rzymskie-jaki-material-wybrac,301,1
/blog-o-roletach?journal_blog_post_id=348,https://rolety24.net/blog/post/916-rolety-rzymskie-zalety,301,1
/blog-o-roletach?journal_blog_post_id=377,https://rolety24.net/blog/post/976-rolety-termoizolacyjne-wewnetrzne-wszystko-co-musisz-wiedziec,301,1
/blog-o-roletach/rolety-transparentne-tak-czy-nie,https://rolety24.net/blog/post/685-rolety-transparentne-tak-czy-nie,301,1
/blog-o-roletach/rolety-transparentne-a-zaciemniajace-jak-wybrac-material,https://rolety24.net/blog/post/993-rolety-transparentne-a-zaciemniajace-jak-wybrac-material,301,1
/blog-o-roletach/rolety-dzien-noc-czy-warto-sie-na-nie-zdecydowac,https://rolety24.net/blog/post/628-rolety-typu-dzien-noc-czy-warto-sie-na-nie-zdecydowac,301,1
/blog-o-roletach/rolety-w-ciemnych-kolorach,https://rolety24.net/blog/post/693-rolety-w-ciemnych-kolorach-tak-czy-nie,301,1
/blog-o-roletach/kolory%20rolet,https://rolety24.net/blog/post/662-rolety-w-jasnych-kolorach-tak-czy-nie,301,1
/blog-o-roletach/rolety-w-kasecie-dlaczego-warto-je-wybrac,https://rolety24.net/blog/post/646-rolety-w-kasecie-dlaczego-warto-je-wybrac,301,1
/blog-o-roletach?journal_blog_post_id=350,https://rolety24.net/blog/post/949-rolety-w-kasecie-czy-wolnowiszace-jakie-wybrac,301,1
/blog-o-roletach?journal_blog_post_id=199,https://rolety24.net/blog/post/817-rolety-w-kasecie-czy-wolnowiszace,301,1
/blog-o-roletach?journal_blog_post_id=231,https://rolety24.net/blog/post/849-rolety-w-kasecie-a-mini-rolety-czym-sie-roznia,301,1
/blog-o-roletach/rolety-w-restauracjach-i-barach,https://rolety24.net/blog/post/724-rolety-w-restauracjach-i-barach-co-wybrac,301,1
/blog-o-roletach?journal_blog_post_id=336,https://rolety24.net/blog/post/937-rolety-w-stylu-boho,301,1
/blog-o-roletach?journal_blog_post_id=186,https://rolety24.net/blog/post/804-rolety-w-sypialni-jakie-wybrac,301,1
/blog-o-roletach/Kilka%20pytan,https://rolety24.net/blog/post/804-rolety-w-sypialni-jakie-wybrac,301,1
/blog-o-roletach?journal_blog_post_id=214,https://rolety24.net/blog/post/832-rolety-wewnetrzne-fakty-i-mity,301,1
/blog-o-roletach?journal_blog_post_id=374,https://rolety24.net/blog/post/973-rolety-wewnetrzne-ile-kosztuja,301,1
/blog-o-roletach/rolety%20wewnętrzne,https://rolety24.net/blog/post/661-rolety-wewnetrzne-najczesciej-zadawane-pytania,301,1
/blog-o-roletach/rolety-wewnetrzne-czy-zewnetrzne,https://rolety24.net/blog/post/711-rolety-wewnetrzne-czy-zewnetrzne,301,1
/blog-o-roletach?journal_blog_post_id=366,https://rolety24.net/blog/post/965-rolety-z-firanami-czy-mozna-je-ze-soba-laczyc,301,1
/blog-o-roletach/rolety-z-prowadnicami-bez-prowadnic,https://rolety24.net/blog/post/1030-rolety-z-prowadnicami-czy-bez-prowadnic,301,1
/blog-o-roletach/Rolety%20z%20prowadnicami%20czy%20bez%20prowadnic,https://rolety24.net/blog/post/716-rolety-z-prowadnicami-czy-bez-prowadnic,301,1
/blog-o-roletach/Rolety-z-prowadnica-zylkowa,https://rolety24.net/blog/post/977-rolety-z-prowadnica-zylkowa-montaz-krok-po-kroku,301,1
/blog-o-roletach/rolety-zamiast-firanek,https://rolety24.net/blog/post/878-rolety-zamiast-firanek-czy-to-dobry-pomysl,301,1
/blog-o-roletach/rolety-zamiast-zaslon,https://rolety24.net/blog/post/981-rolety-zamiast-zaslon,301,1
/blog-o-roletach/rolety-zewnetrzne-kiedy-sie-sprawdzaja,https://rolety24.net/blog/post/721-rolety-zamiast-zaslon,301,1
/blog-o-roletach/Rolety-zamiast-zasłon,https://rolety24.net/blog/post/671-rolety-zewnetrzne-kiedy-sie-sprawdzaja,301,1
/blog-o-roletach/rolety-ktore-najlatwiej-utrzymac,https://rolety24.net/blog/post/998-rolety-ktore-najlatwiej-utrzymac-w-czystosci,301,1
/blog-o-roletach/Rolety%20ktore%20najlatwiej%20utrzymac%20w%20czystosci,https://rolety24.net/blog/post/690-rolety-ktore-najlatwiej-utrzymac-w-czystosci,301,1
/blog-o-roletach?journal_blog_post_id=330,https://rolety24.net/blog/post/945-rolety-ktore-zatrzymaja-cieplo,301,1
/blog-o-roletach/rolety-gotowe-czy-na-wymiar,https://rolety24.net/blog/post/731-rolety-gotowe-czy-na-wymiar,301,1
/blog-o-roletach/rolety-a-moze-jednak-plisy,https://rolety24.net/blog/post/696-rolety-a-moze-jednak-plisy-podpowiadamy-co-wybrac,301,1
/blog-o-roletach?journal_blog_post_id=245,https://rolety24.net/blog/post/863-rosliny-na-parapet-bezpieczne-dla-zwierzat,301,1
/blog-o-roletach/czym-roznia-sie-od-siebie-rolety,https://rolety24.net/blog/post/700-rzymskie-austriackie-dzien-noc-czym-roznia-sie-od-siebie-rozne-rodzaje-rolet,301,1
/blog-o-roletach/salon-z-aneksem-kuchennym-jak-wybrac-oslony-okienne,https://rolety24.net/blog/post/655-salon-z-aneksem-kuchennym-jak-wybrac-oslony-okienne,301,1
/blog-o-roletach/skraplanie-wody-na-oknach,https://rolety24.net/blog/post/739-skraplanie-wody-na-oknach-jak-temu-zaradzic,301,1
/blog-o-roletach?journal_blog_post_id=148,https://rolety24.net/blog/post/1008-skuteczne-sposoby-na-czyszczenie-bialych-ram-okiennych,301,1
/blog-o-roletach/Skuteczne%20sposoby%20na%20czyszczenie%20białych%20ram%20okiennych,https://rolety24.net/blog/post/766-skuteczne-sposoby-na-czyszczenie-bialych-ram-okiennych,301,1
/blog-o-roletach?journal_blog_post_id=139,https://rolety24.net/blog/post/757-skuteczne-sposoby-na-dom-bez-komarow,301,1
/blog-o-roletach/sposoby-czyszczenia-moskitier-okiennych,https://rolety24.net/blog/post/668-sposoby-czyszczenia-moskitier-okiennych,301,1
/blog-o-roletach/sposoby-montazu-rolet-wewnetrznych,https://rolety24.net/blog/post/688-sposoby-montazu-rolet-wewnetrznych,301,1
/blog-o-roletach/Sposoby%20montazu%20rolet%20wewnętrznych,https://rolety24.net/blog/post/1002-sposoby-na-calkowite-zaciemnienie-wnetrza,301,1
/blog-o-roletach/sposoby-na-calkowite-zacmienie-wnetrza,https://rolety24.net/blog/post/705-sposoby-na-calkowite-zaciemnienie-wnetrza,301,1
/blog-o-roletach/sposoby-na-calkowite-zaciemnienie-wnetrza,https://rolety24.net/blog/post/100-rolety-mini-termoizolacyjne,301,1
/blog-o-roletach/sypialnia-w-stylu-rustykalnym,https://rolety24.net/blog/post/742-sypialnia-w-stylu-rustykalnym-jakie-rolety-wybrac,301,1
/blog-o-roletach?journal_blog_post_id=164,https://rolety24.net/blog/post/782-szprosy-w-oknach-zalety-i-wady,301,1
/blog-o-roletach/dekoracje%20na%20okna%20na%20swieta,https://rolety24.net/blog/post/737-swiateczne-dekoracje-na-okna-inspiracje,301,1
/blog-o-roletach/swiateczne-dekoracje-na-okna,https://rolety24.net/blog/post/737-swiateczne-dekoracje-na-okna-inspiracje,301,1
/blog-o-roletach/trendy-wnetrzarskie-2020-rok,https://rolety24.net/blog/post/741-trendy-wnetrzarskie-w-2020-roku-nowosci-i-inspiracje,301,1
/blog-o-roletach/typy-montazu-rolet-wewnetrznych,https://rolety24.net/blog/post/623-typy-montazu-rolet-wewnetrznych,301,1
/blog-o-roletach?journal_blog_post_id=136,https://rolety24.net/blog/post/754-uprawa-ziol-na-parapecie-kuchennym-porady,301,1
/blog-o-roletach/jak-doszczelnic-moskitiere,https://rolety24.net/blog/post/897-w-jaki-sposob-doszczelnic-moskitiere,301,1
/blog-o-roletach/jak-odswiezyc-rolety-dzien-noc,https://rolety24.net/blog/post/885-w-jaki-sposob-odswiezyc-rolety-dzien-noc,301,1
/blog-o-roletach/swiatlo%20a%20samopoczucie,https://rolety24.net/blog/post/746-w-jaki-sposob-swiatlo-wplywa-na-samopoczucie,301,1
/blog-o-roletach/w-jaki-sposob-swiatlo-wplywa-na-samopoczucie,https://rolety24.net/blog/post/746-w-jaki-sposob-swiatlo-wplywa-na-samopoczucie,301,1
/blog-o-roletach?journal_blog_post_id=184,https://rolety24.net/blog/post/802-wilgoc-na-oknach-jak-jej-sie-pozbyc,301,1
/blog-o-roletach/wilgoc%20a%20okna%20co%20robic,https://rolety24.net/blog/post/1021-wilgoc-na-oknach-jak-jej-sie-pozbyc,301,1
/blog-o-roletach?journal_blog_post_id=198,https://rolety24.net/blog/post/816-wplyw-swiatla-na-zdrowie-i-samopoczucie-czlowieka,301,1
/blog-o-roletach/wybieramy-najlepsze-kolory-ramek-moskitier-okiennych,https://rolety24.net/blog/post/748-wybieramy-najlepsze-kolory-ramek-moskitier-okiennych,301,1
/blog-o-roletach?journal_blog_post_id=329,https://rolety24.net/blog/post/944-wybieramy-rolety-do-altany,301,1
/blog-o-roletach/wybieramy-rolety-do-biura,https://rolety24.net/blog/post/667-wybieramy-rolety-do-biura,301,1
/blog-o-roletach/wybieramy-rolety-do-kuchni,https://rolety24.net/blog/post/624-wybieramy-rolety-do-kuchni,301,1
/blog-o-roletach/wybieramy-rolety-do-nowoczesnego-wnetrza,https://rolety24.net/blog/post/712-wybieramy-rolety-do-nowoczesnego-wnetrza,301,1
/blog-o-roletach?journal_blog_post_id=342,https://rolety24.net/blog/post/923-wybor-rolet-do-nowoczesnej-kuchni,301,1
/blog-o-roletach?journal_blog_post_id=338,https://rolety24.net/blog/post/933-wybor-rolet-do-pokoju-mlodziezowego,301,1
/blog-o-roletach/wykusze-jakie-rolety-beda-odpowiednie,https://rolety24.net/blog/post/1011-wykusze-jakie-rolety-beda-odpowiednie,301,1
/blog-o-roletach/Wykusze%20a%20rolety%20jakie%20sa%20odpowiednie,https://rolety24.net/blog/post/660-wykusze-jakie-rolety-beda-odpowiednie,301,1
/blog-o-roletach?journal_blog_post_id=133,https://rolety24.net/blog/post/1016-wymiana-rolet-jak-zrobic-to-dobrze-i-tanio,301,1
/blog-o-roletach/Wymiana%20rolet%20-%20dobrze%20i%20tanio,https://rolety24.net/blog/post/751-wymiana-rolet-jak-zrobic-to-dobrze-i-tanio,301,1
/blog-o-roletach?journal_blog_post_id=166,https://rolety24.net/blog/post/784-wymiana-rolet-w-wynajmowanym-mieszkaniu,301,1
/blog-o-roletach?journal_blog_post_id=163,https://rolety24.net/blog/post/1001-za-co-najbardziej-cenimy-rolety-plisowane,301,1
/blog-o-roletach/Za%20co%20najbardziej%20cenimy%20rolety%20plisowane,https://rolety24.net/blog/post/781-za-co-najbardziej-cenimy-rolety-plisowane,301,1
/blog-o-roletach?journal_blog_post_id=200,https://rolety24.net/blog/post/818-zabezpieczenie-okien-przed-dziecmi,301,1
/blog-o-roletach/zacieki%20na%20roletach%20czyszczenie,https://rolety24.net/blog/post/978-zacieki-na-roletach-jak-je-wyczyscic,301,1
/blog-o-roletach?journal_blog_post_id=188,https://rolety24.net/blog/post/806-zalety-rolet-termoizolacyjnych,301,1
/blog-o-roletach/zalety-rolet-w-kasecie,https://rolety24.net/blog/post/1025-zalety-rolet-w-kasecie,301,1
/blog-o-roletach/Zalety%20rolet%20w%20kasecie,https://rolety24.net/blog/post/689-zalety-rolet-w-kasecie,301,1
/blog-o-roletach/zaslony-dlaczego-warto-je-wymienic-na-rolety,https://rolety24.net/blog/post/961-zaslony-dlaczego-warto-je-wymienic-na-rolety,301,1
/blog-o-roletach?journal_blog_post_id=140,https://rolety24.net/blog/post/758-zdrowe-i-bezpieczne-wnetrza-w-4-prostych-krokach,301,1
/blog-o-roletach/ze-wzorem-czy-gladkie-jaka-rolete-wybrac,https://rolety24.net/blog/post/644-ze-wzorem-czy-gladkie-jaka-rolete-wybrac,301,1
/blog-o-roletach?journal_blog_post_id=358,https://rolety24.net/blog/post/957-zwijacz-rolety-wewnetrznej-jak-go-naprawic,301,1