https://rolety24.net/blog-o-roletach?journal_blog_post_id=1,https://rolety24.net/blog/post/621-jak-zmierzyc-rolete-mini,301,1
https://rolety24.net/blog-o-roletach?journal_blog_post_id=2,https://rolety24.net/blog/post/622-rolety-czy-zaluzje-co-wybrac,301,1
https://rolety24.net/blog-o-roletach?journal_blog_post_id=3,https://rolety24.net/blog/post/623-typy-montazu-rolet-wewnetrznych,301,1
https://rolety24.net/blog-o-roletach?journal_blog_post_id=5,https://rolety24.net/blog/post/625-jak-kupic-rolety-przez-internet,301,1
https://rolety24.net/blog-o-roletach?journal_blog_post_id=6,https://rolety24.net/blog/post/626-okna-dachowe-jak-je-zaslonic,301,1
https://rolety24.net/blog-o-roletach?journal_blog_post_id=7,https://rolety24.net/blog/post/627-jakie-rolety-sprawdza-sie-w-lazience,301,1
https://rolety24.net/blog-o-roletach?journal_blog_post_id=8,https://rolety24.net/blog/post/628-rolety-typu-dzien-noc-czy-warto-sie-na-nie-zdecydowac,301,1
https://rolety24.net/blog-o-roletach?journal_blog_post_id=9,https://rolety24.net/blog/post/629-rodzaje-rolet-wewnetrznych,301,1
https://rolety24.net/blog-o-roletach?journal_blog_post_id=10,https://rolety24.net/blog/post/630-rolety-okienne-najnowsze-trendy,301,1
https://rolety24.net/blog-o-roletach?journal_blog_post_id=12,https://rolety24.net/blog/post/632-jak-zaslonic-okno-w-sypialni,301,1
https://rolety24.net/blog-o-roletach?journal_blog_post_id=13,https://rolety24.net/blog/post/633-jak-swiatlo-sloneczne-wplywa-na-zdrowie-czlowieka,301,1
https://rolety24.net/blog-o-roletach?journal_blog_post_id=14,https://rolety24.net/blog/post/634-jak-dobrac-rolety-do-stylu-wnetrza,301,1
https://rolety24.net/blog-o-roletach?journal_blog_post_id=15,https://rolety24.net/blog/post/635-czy-kolor-rolet-ma-znaczenie,301,1
https://rolety24.net/blog-o-roletach?journal_blog_post_id=17,https://rolety24.net/blog/post/638-plisy-w-oknach-co-warto-wiedziec,301,1
https://rolety24.net/blog-o-roletach?journal_blog_post_id=18,https://rolety24.net/blog/post/636-jak-zestawiac-kolory-we-wnetrzach,301,1
https://rolety24.net/blog-o-roletach?journal_blog_post_id=19,https://rolety24.net/blog/post/639-male-mieszkanie-wieksza-przestrzen-jak-optycznie-powiekszyc-pomieszczenie,301,1
https://rolety24.net/blog-o-roletach?journal_blog_post_id=20,https://rolety24.net/blog/post/640-rolety-z-jakiego-materialu,301,1
https://rolety24.net/blog-o-roletach?journal_blog_post_id=21,https://rolety24.net/blog/post/641-roleta-w-biurze-czy-to-dobre-rozwiazanie,301,1
https://rolety24.net/blog-o-roletach?journal_blog_post_id=22,https://rolety24.net/blog/post/642-rolety-dla-alergika,301,1
https://rolety24.net/blog-o-roletach?journal_blog_post_id=23,https://rolety24.net/blog/post/643-czy-rolety-maja-zastosowanie-tylko-latem,301,1
https://rolety24.net/blog-o-roletach?journal_blog_post_id=24,https://rolety24.net/blog/post/644-ze-wzorem-czy-gladkie-jaka-rolete-wybrac,301,1
https://rolety24.net/blog-o-roletach?journal_blog_post_id=25,https://rolety24.net/blog/post/645-roleta-mini-czy-roleta-z-prowadnicami,301,1
https://rolety24.net/blog-o-roletach?journal_blog_post_id=26,https://rolety24.net/blog/post/646-rolety-w-kasecie-dlaczego-warto-je-wybrac,301,1
https://rolety24.net/blog-o-roletach?journal_blog_post_id=28,https://rolety24.net/blog/post/648-od-czego-zalezy-cena-rolety,301,1
https://rolety24.net/blog-o-roletach?journal_blog_post_id=29,https://rolety24.net/blog/post/649-roleta-z-tkaniny-podgumowanej-czy-to-dobry-wybor,301,1
https://rolety24.net/blog-o-roletach?journal_blog_post_id=31,https://rolety24.net/blog/post/651-jak-czyscic-rolety-dzien-noc,301,1
https://rolety24.net/blog-o-roletach?journal_blog_post_id=32,https://rolety24.net/blog/post/652-okna-na-poddaszu-rolety-czy-plisy,301,1
https://rolety24.net/blog-o-roletach?journal_blog_post_id=33,https://rolety24.net/blog/post/653-czy-rolety-maja-wplyw-na-zdrowie,301,1
https://rolety24.net/blog-o-roletach?journal_blog_post_id=34,https://rolety24.net/blog/post/654-rolety-na-okna-o-niestandardowych-ksztaltach,301,1
https://rolety24.net/blog-o-roletach?journal_blog_post_id=35,https://rolety24.net/blog/post/655-salon-z-aneksem-kuchennym-jak-wybrac-oslony-okienne,301,1
https://rolety24.net/blog-o-roletach?journal_blog_post_id=36,https://rolety24.net/blog/post/656-jak-czyscic-plisy,301,1
https://rolety24.net/blog-o-roletach?journal_blog_post_id=37,https://rolety24.net/blog/post/657-rolety-a-otwieranie-okien-mozliwe-problemy,301,1
https://rolety24.net/blog-o-roletach?journal_blog_post_id=38,https://rolety24.net/blog/post/658-rolety-na-wymiar-dlaczego-warto-je-wybrac,301,1
https://rolety24.net/blog-o-roletach?journal_blog_post_id=39,https://rolety24.net/blog/post/659-najczestsze-bledy-popelniane-przy-wyborze-rolet,301,1
https://rolety24.net/blog-o-roletach?journal_blog_post_id=40,https://rolety24.net/blog/post/660-wykusze-jakie-rolety-beda-odpowiednie,301,1
https://rolety24.net/blog-o-roletach?journal_blog_post_id=41,https://rolety24.net/blog/post/661-rolety-wewnetrzne-najczesciej-zadawane-pytania,301,1
https://rolety24.net/blog-o-roletach?journal_blog_post_id=42,https://rolety24.net/blog/post/662-rolety-w-jasnych-kolorach-tak-czy-nie,301,1
https://rolety24.net/blog-o-roletach?journal_blog_post_id=44,https://rolety24.net/blog/post/664-rolety-do-okien-uchylnych-jakie-wybrac,301,1
https://rolety24.net/blog-o-roletach?journal_blog_post_id=45,https://rolety24.net/blog/post/663-czy-roleta-moze-odmienic-wnetrze,301,1
https://rolety24.net/blog-o-roletach?journal_blog_post_id=49,https://rolety24.net/blog/post/667-wybieramy-rolety-do-biura,301,1
https://rolety24.net/blog-o-roletach?journal_blog_post_id=50,https://rolety24.net/blog/post/668-sposoby-czyszczenia-moskitier-okiennych,301,1
https://rolety24.net/blog-o-roletach?journal_blog_post_id=51,https://rolety24.net/blog/post/669-konserwacja-rolet-zewnetrznych,301,1
https://rolety24.net/blog-o-roletach?journal_blog_post_id=52,https://rolety24.net/blog/post/670-jak-wymierzyc-okno-do-montazu-rolet,301,1
https://rolety24.net/blog-o-roletach?journal_blog_post_id=53,https://rolety24.net/blog/post/671-rolety-zewnetrzne-kiedy-sie-sprawdzaja,301,1
https://rolety24.net/blog-o-roletach?journal_blog_post_id=54,https://rolety24.net/blog/post/672-rolety-bezpieczne-dla-zwierzat,301,1
https://rolety24.net/blog-o-roletach?journal_blog_post_id=55,https://rolety24.net/blog/post/673-rolety-dzien-noc-do-jakich-wnetrz-pasuja,301,1
https://rolety24.net/blog-o-roletach?journal_blog_post_id=56,https://rolety24.net/blog/post/674-czy-demontowac-moskitiery-na-zime,301,1
https://rolety24.net/blog-o-roletach?journal_blog_post_id=57,https://rolety24.net/blog/post/675-jak-wybrac-rolety-wewnetrzne,301,1
https://rolety24.net/blog-o-roletach?journal_blog_post_id=58,https://rolety24.net/blog/post/676-o-czym-pamietac-przy-kupnie-rolety-w-kasecie,301,1
https://rolety24.net/blog-o-roletach?journal_blog_post_id=59,https://rolety24.net/blog/post/677-demontaz-rolety-w-kasecie,301,1
https://rolety24.net/blog-o-roletach?journal_blog_post_id=60,https://rolety24.net/blog/post/678-plisy-czy-rolety-dzien-noc,301,1
https://rolety24.net/blog-o-roletach?journal_blog_post_id=61,https://rolety24.net/blog/post/679-jakie-firanki-do-rolet-dzien-noc,301,1
https://rolety24.net/blog-o-roletach?journal_blog_post_id=62,https://rolety24.net/blog/post/680-ile-kosztuja-rolety-dzien-noc,301,1
https://rolety24.net/blog-o-roletach?journal_blog_post_id=63,https://rolety24.net/blog/post/681-kiedy-powstaly-rolety,301,1
https://rolety24.net/blog-o-roletach?journal_blog_post_id=64,https://rolety24.net/blog/post/682-najpopularniejsze-tkaniny-do-rolet,301,1
https://rolety24.net/blog-o-roletach?journal_blog_post_id=65,https://rolety24.net/blog/post/683-rolety-do-pokoju-nastolatka,301,1
https://rolety24.net/blog-o-roletach?journal_blog_post_id=67,https://rolety24.net/blog/post/685-rolety-transparentne-tak-czy-nie,301,1
https://rolety24.net/blog-o-roletach?journal_blog_post_id=68,https://rolety24.net/blog/post/686-rolety-do-eleganckiego-wnetrza,301,1
https://rolety24.net/blog-o-roletach?journal_blog_post_id=69,https://rolety24.net/blog/post/687-jak-efektywnie-wietrzyc-mieszkanie-zima,301,1
https://rolety24.net/blog-o-roletach?journal_blog_post_id=70,https://rolety24.net/blog/post/688-sposoby-montazu-rolet-wewnetrznych,301,1
https://rolety24.net/blog-o-roletach?journal_blog_post_id=71,https://rolety24.net/blog/post/689-zalety-rolet-w-kasecie,301,1
https://rolety24.net/blog-o-roletach?journal_blog_post_id=72,https://rolety24.net/blog/post/690-rolety-ktore-najlatwiej-utrzymac-w-czystosci,301,1
https://rolety24.net/blog-o-roletach?journal_blog_post_id=73,https://rolety24.net/blog/post/691-rolety-bezpieczne-for-dzieci,301,1
https://rolety24.net/blog-o-roletach?journal_blog_post_id=74,https://rolety24.net/blog/post/692-kiedy-sprawdzaja-sie-rolety-mini,301,1
https://rolety24.net/blog-o-roletach?journal_blog_post_id=75,https://rolety24.net/blog/post/693-rolety-w-ciemnych-kolorach-tak-czy-nie,301,1
https://rolety24.net/blog-o-roletach?journal_blog_post_id=76,https://rolety24.net/blog/post/694-najlepsze-rolety-do-lazienki,301,1
https://rolety24.net/blog-o-roletach?journal_blog_post_id=77,https://rolety24.net/blog/post/695-dobieramy-rolety-do-wnetrza-styl-skandynawski,301,1
https://rolety24.net/blog-o-roletach?journal_blog_post_id=78,https://rolety24.net/blog/post/696-rolety-a-moze-jednak-plisy-podpowiadamy-co-wybrac,301,1
https://rolety24.net/blog-o-roletach?journal_blog_post_id=80,https://rolety24.net/blog/post/698-plesn-na-rolecie-jak-sie-jej-pozbyc,301,1
https://rolety24.net/blog-o-roletach?journal_blog_post_id=81,https://rolety24.net/blog/post/699-co-wybrac-rolety-czy-zaluzje,301,1
https://rolety24.net/blog-o-roletach?journal_blog_post_id=82,https://rolety24.net/blog/post/700-rzymskie-austriackie-dzien-noc-czym-roznia-sie-od-siebie-rozne-rodzaje-rolet,301,1
https://rolety24.net/blog-o-roletach?journal_blog_post_id=83,https://rolety24.net/blog/post/701-modne-rolety-na-wiosne,301,1
https://rolety24.net/blog-o-roletach?journal_blog_post_id=84,https://rolety24.net/blog/post/702-kupno-rolet-przez-internet-na-co-zwrocic-uwage,301,1
https://rolety24.net/blog-o-roletach?journal_blog_post_id=85,https://rolety24.net/blog/post/703-opuszczajaca-sie-roleta-co-zrobic,301,1
https://rolety24.net/blog-o-roletach?journal_blog_post_id=86,https://rolety24.net/blog/post/704-czy-rolety-wewnetrzne-zatrzymuja-cieplo,301,1
https://rolety24.net/blog-o-roletach?journal_blog_post_id=87,https://rolety24.net/blog/post/705-sposoby-na-calkowite-zaciemnienie-wnetrza,301,1
https://rolety24.net/blog-o-roletach?journal_blog_post_id=88,https://rolety24.net/blog/post/706-dobieramy-oslony-do-typu-pomieszczenia,301,1
https://rolety24.net/blog-o-roletach?journal_blog_post_id=89,https://rolety24.net/blog/post/707-jakie-funkcje-maja-rolety,301,1
https://rolety24.net/blog-o-roletach?journal_blog_post_id=90,https://rolety24.net/blog/post/708-czy-warto-wybrac-wzorzyste-rolety,301,1
https://rolety24.net/blog-o-roletach?journal_blog_post_id=91,https://rolety24.net/blog/post/709-jak-wybrac-moskitiere,301,1
https://rolety24.net/blog-o-roletach?journal_blog_post_id=92,https://rolety24.net/blog/post/710-najlepsze-rolety-do-okien-z-wywietrznikami,301,1
https://rolety24.net/blog-o-roletach?journal_blog_post_id=93,https://rolety24.net/blog/post/711-rolety-wewnetrzne-czy-zewnetrzne,301,1
https://rolety24.net/blog-o-roletach?journal_blog_post_id=94,https://rolety24.net/blog/post/712-wybieramy-rolety-do-nowoczesnego-wnetrza,301,1
https://rolety24.net/blog-o-roletach?journal_blog_post_id=95,https://rolety24.net/blog/post/713-idealne-rolety-na-lato,301,1
https://rolety24.net/blog-o-roletach?journal_blog_post_id=96,https://rolety24.net/blog/post/714-czy-rolety-dzien-noc-mozna-prac,301,1
https://rolety24.net/blog-o-roletach?journal_blog_post_id=97,https://rolety24.net/blog/post/715-najlepsze-rolety-do-salonu,301,1
https://rolety24.net/blog-o-roletach?journal_blog_post_id=98,https://rolety24.net/blog/post/716-rolety-z-prowadnicami-czy-bez-prowadnic,301,1
https://rolety24.net/blog-o-roletach?journal_blog_post_id=99,https://rolety24.net/blog/post/717-plisy-w-jakich-pomieszczeniach-sprawdzaja-sie-najlepiej,301,1
https://rolety24.net/blog-o-roletach?journal_blog_post_id=100,https://rolety24.net/blog/post/718-kupno-rolet-co-warto-rozwazyc,301,1
https://rolety24.net/blog-o-roletach?journal_blog_post_id=101,https://rolety24.net/blog/post/719-roleta-w-kasecie-plaskiej-czy-przestrzennej,301,1
https://rolety24.net/blog-o-roletach?journal_blog_post_id=102,https://rolety24.net/blog/post/720-kolorowe-rolety-do-jakich-wnetrz-pasuja,301,1
https://rolety24.net/blog-o-roletach?journal_blog_post_id=103,https://rolety24.net/blog/post/721-rolety-zamiast-zaslon,301,1
https://rolety24.net/blog-o-roletach?journal_blog_post_id=104,https://rolety24.net/blog/post/722-czy-warto-wybierac-rolety-w-intensywnych-barwach,301,1
https://rolety24.net/blog-o-roletach?journal_blog_post_id=105,https://rolety24.net/blog/post/723-rolety-a-kolor-scian-w-pomieszczeniu,301,1
https://rolety24.net/blog-o-roletach?journal_blog_post_id=106,https://rolety24.net/blog/post/724-rolety-w-restauracjach-i-barach-co-wybrac,301,1
https://rolety24.net/blog-o-roletach?journal_blog_post_id=107,https://rolety24.net/blog/post/725-modne-rolety-na-jesien,301,1
https://rolety24.net/blog-o-roletach?journal_blog_post_id=108,https://rolety24.net/blog/post/726-jak-kolory-rolet-wplywaja-na-nasz-nastroj,301,1
https://rolety24.net/blog-o-roletach?journal_blog_post_id=109,https://rolety24.net/blog/post/727-kiedy-postawic-na-rolety-zaciemniajace,301,1
https://rolety24.net/blog-o-roletach?journal_blog_post_id=110,https://rolety24.net/blog/post/728-rolety-do-mieszkania-w-stylu-glamour,301,1
https://rolety24.net/blog-o-roletach?journal_blog_post_id=111,https://rolety24.net/blog/post/729-jakich-bledow-unikac-przy-czyszczeniu-rolet,301,1
https://rolety24.net/blog-o-roletach?journal_blog_post_id=112,https://rolety24.net/blog/post/730-rolety-na-poddasze-co-sie-sprawdzi-a-czego-unikac,301,1
https://rolety24.net/blog-o-roletach?journal_blog_post_id=113,https://rolety24.net/blog/post/731-rolety-gotowe-czy-na-wymiar,301,1
https://rolety24.net/blog-o-roletach?journal_blog_post_id=114,https://rolety24.net/blog/post/732-czy-rolety-sa-drogie,301,1
https://rolety24.net/blog-o-roletach?journal_blog_post_id=115,https://rolety24.net/blog/post/733-rolety-mini-wsrod-jakich-wariantow-warto-wybierac,301,1
https://rolety24.net/blog-o-roletach?journal_blog_post_id=117,https://rolety24.net/blog/post/735-modne-kolory-rolet-na-jakie-sie-zdecydowac,301,1
https://rolety24.net/blog-o-roletach?journal_blog_post_id=118,https://rolety24.net/blog/post/736-czym-sie-kierowac-wybierajac-kolor-rolety,301,1
https://rolety24.net/blog-o-roletach?journal_blog_post_id=119,https://rolety24.net/blog/post/737-swiateczne-dekoracje-na-okna-inspiracje,301,1
https://rolety24.net/blog-o-roletach?journal_blog_post_id=120,https://rolety24.net/blog/post/738-idealne-rolety-do-salonu-urody-i-odnowy-biologicznej,301,1
https://rolety24.net/blog-o-roletach?journal_blog_post_id=122,https://rolety24.net/blog/post/740-czym-przeslonic-szklane-scianki-w-nowoczesnym-biurze,301,1
https://rolety24.net/blog-o-roletach?journal_blog_post_id=125,https://rolety24.net/blog/post/743-jak-nalezy-wietrzyc-mieszkanie-w-sezonie-zimowym,301,1
https://rolety24.net/blog-o-roletach?journal_blog_post_id=126,https://rolety24.net/blog/post/744-4-proste-sposoby-na-optyczne-powiekszenie-wnetrza,301,1
https://rolety24.net/blog-o-roletach?journal_blog_post_id=127,https://rolety24.net/blog/post/745-kiedy-najlepiej-wymienic-okna,301,1
https://rolety24.net/blog-o-roletach?journal_blog_post_id=128,https://rolety24.net/blog/post/746-w-jaki-sposob-swiatlo-wplywa-na-samopoczucie,301,1
https://rolety24.net/blog-o-roletach?journal_blog_post_id=130,https://rolety24.net/blog/post/748-wybieramy-najlepsze-kolory-ramek-moskitier-okiennych,301,1
https://rolety24.net/blog-o-roletach?journal_blog_post_id=131,https://rolety24.net/blog/post/749-najmodniejsze-kolory-rolet-na-wiosne-lato-2020,301,1
https://rolety24.net/blog-o-roletach?journal_blog_post_id=132,https://rolety24.net/blog/post/750-markizy-balkonowe-czy-rolety-wewnetrzne-co-lepiej-wybrac,301,1
https://rolety24.net/blog-o-roletach?journal_blog_post_id=133,https://rolety24.net/blog/post/751-wymiana-rolet-jak-zrobic-to-dobrze-i-tanio,301,1
https://rolety24.net/blog-o-roletach?journal_blog_post_id=134,https://rolety24.net/blog/post/752-do-jakich-pomieszczen-pasuja-verticale-zaluzje-pionowe,301,1
https://rolety24.net/blog-o-roletach?journal_blog_post_id=135,https://rolety24.net/blog/post/753-pomysly-na-wielkanocne-dekoracje-okien,301,1
https://rolety24.net/blog-o-roletach?journal_blog_post_id=136,https://rolety24.net/blog/post/754-uprawa-ziol-na-parapecie-kuchennym-porady,301,1
https://rolety24.net/blog-o-roletach?journal_blog_post_id=137,https://rolety24.net/blog/post/755-rolety-plisowane-do-lazienki-jak-wybrac-najlepszy-model,301,1
https://rolety24.net/blog-o-roletach?journal_blog_post_id=138,https://rolety24.net/blog/post/756-idealne-rolety-wewnetrzne-do-domku-letniskowego,301,1
https://rolety24.net/blog-o-roletach?journal_blog_post_id=139,https://rolety24.net/blog/post/757-skuteczne-sposoby-na-dom-bez-komarow,301,1
https://rolety24.net/blog-o-roletach?journal_blog_post_id=140,https://rolety24.net/blog/post/758-zdrowe-i-bezpieczne-wnetrza-w-4-prostych-krokach,301,1
https://rolety24.net/blog-o-roletach?journal_blog_post_id=141,https://rolety24.net/blog/post/759-idealne-rolety-do-ekskluzywnego-mieszkania-rzymskie-czy-austriackie,301,1
https://rolety24.net/blog-o-roletach?journal_blog_post_id=142,https://rolety24.net/blog/post/760-jak-wyczyscic-rolety-bambusowe,301,1
https://rolety24.net/blog-o-roletach?journal_blog_post_id=143,https://rolety24.net/blog/post/761-jak-stworzyc-prywatne-kino-w-domu,301,1
https://rolety24.net/blog-o-roletach?journal_blog_post_id=144,https://rolety24.net/blog/post/762-na-co-zwrocic-uwage-przed-zakupem-moskitiery,301,1
https://rolety24.net/blog-o-roletach?journal_blog_post_id=145,https://rolety24.net/blog/post/763-proste-sposoby-na-ochrone-mieszkania-przed-nagrzewaniem,301,1
https://rolety24.net/blog-o-roletach?journal_blog_post_id=147,https://rolety24.net/blog/post/765-jak-optycznie-powiekszyc-niewielkie-poddasze,301,1
https://rolety24.net/blog-o-roletach?journal_blog_post_id=148,https://rolety24.net/blog/post/766-skuteczne-sposoby-na-czyszczenie-bialych-ram-okiennych,301,1
https://rolety24.net/blog-o-roletach?journal_blog_post_id=149,https://rolety24.net/blog/post/767-najlepsze-rolety-do-domowego-studia-fotograficznego,301,1
https://rolety24.net/blog-o-roletach?journal_blog_post_id=150,https://rolety24.net/blog/post/768-czym-jest-syndrom-chorego-budynku,301,1
https://rolety24.net/blog-o-roletach?journal_blog_post_id=151,https://rolety24.net/blog/post/769-podstawowe-funkcje-moskitier-okiennych,301,1
https://rolety24.net/blog-o-roletach?journal_blog_post_id=152,https://rolety24.net/blog/post/770-czy-inwestycja-w-rolety-antywlamaniowe-zawsze-sie-oplaca,301,1
https://rolety24.net/blog-o-roletach?journal_blog_post_id=153,https://rolety24.net/blog/post/771-mala-metamorfoza-pokoju-dziecka-przed-nowym-rokiem-szkolnym,301,1
https://rolety24.net/blog-o-roletach?journal_blog_post_id=154,https://rolety24.net/blog/post/772-pajaki-w-domu-jak-szybko-sie-ich-pozbyc,301,1
https://rolety24.net/blog-o-roletach?journal_blog_post_id=155,https://rolety24.net/blog/post/773-podstawowe-rodzaje-wentylacji-w-budynkach-mieszkalnych,301,1
https://rolety24.net/blog-o-roletach?journal_blog_post_id=156,https://rolety24.net/blog/post/774-grzyb-i-plesn-przy-oknach-usuwanie-i-zapobieganie,301,1
https://rolety24.net/blog-o-roletach?journal_blog_post_id=157,https://rolety24.net/blog/post/775-czym-sa-fotorolety,301,1
https://rolety24.net/blog-o-roletach?journal_blog_post_id=158,https://rolety24.net/blog/post/776-jakie-korzysci-oferuja-rolety-jesienia-i-zima,301,1
https://rolety24.net/blog-o-roletach?journal_blog_post_id=159,https://rolety24.net/blog/post/777-jak-uniknac-przeciagow-w-domu,301,1
https://rolety24.net/blog-o-roletach?journal_blog_post_id=160,https://rolety24.net/blog/post/778-3-pomysly-na-wnetrze-w-kolorach-jesieni,301,1
https://rolety24.net/blog-o-roletach?journal_blog_post_id=161,https://rolety24.net/blog/post/779-przepis-na-mistrzowska-drzemke-w-ciagu-dnia,301,1
https://rolety24.net/blog-o-roletach?journal_blog_post_id=162,https://rolety24.net/blog/post/780-neutralny-czy-wyrazisty-jaki-powinien-byc-kolor-rolety,301,1
https://rolety24.net/blog-o-roletach?journal_blog_post_id=163,https://rolety24.net/blog/post/781-za-co-najbardziej-cenimy-rolety-plisowane,301,1
https://rolety24.net/blog-o-roletach?journal_blog_post_id=164,https://rolety24.net/blog/post/782-szprosy-w-oknach-zalety-i-wady,301,1
https://rolety24.net/blog-o-roletach?journal_blog_post_id=165,https://rolety24.net/blog/post/783-jak-zaaranzowac-prywatny-kacik-do-czytania,301,1
https://rolety24.net/blog-o-roletach?journal_blog_post_id=166,https://rolety24.net/blog/post/784-wymiana-rolet-w-wynajmowanym-mieszkaniu,301,1
https://rolety24.net/blog-o-roletach?journal_blog_post_id=167,https://rolety24.net/blog/post/785-konserwacja-okien-plastikowych-tresciwy-poradnik,301,1
https://rolety24.net/blog-o-roletach?journal_blog_post_id=168,https://rolety24.net/blog/post/786-4-rosliny-doniczkowe-ktore-lubia-cien,301,1
https://rolety24.net/blog-o-roletach?journal_blog_post_id=169,https://rolety24.net/blog/post/787-jak-urzadzic-mieszkanie-w-stylu-prowansalskim,301,1
https://rolety24.net/blog-o-roletach?journal_blog_post_id=170,https://rolety24.net/blog/post/788-co-zrobic-zeby-doswietlic-poddasze,301,1
https://rolety24.net/blog-o-roletach?journal_blog_post_id=171,https://rolety24.net/blog/post/789-styl-industrialny-we-wnetrzach-najwazniejsze-zasady,301,1
https://rolety24.net/blog-o-roletach?journal_blog_post_id=172,https://rolety24.net/blog/post/790-jak-bezpiecznie-i-skutecznie-myc-okna-zima,301,1
https://rolety24.net/blog-o-roletach?journal_blog_post_id=174,https://rolety24.net/blog/post/792-rolety-w-kuchni-najlepsze-rozwiazania,301,1
https://rolety24.net/blog-o-roletach?journal_blog_post_id=175,https://rolety24.net/blog/post/793-jak-zadbac-o-komfort-snu-zima,301,1
https://rolety24.net/blog-o-roletach?journal_blog_post_id=176,https://rolety24.net/blog/post/794-modne-rolety-do-salonu-2021,301,1
https://rolety24.net/blog-o-roletach?journal_blog_post_id=177,https://rolety24.net/blog/post/795-dlaczego-rolety-na-wymiar-sa-lepsze-niz-gotowe,301,1
https://rolety24.net/blog-o-roletach?journal_blog_post_id=178,https://rolety24.net/blog/post/796-jak-wybrac-rolety-do-duzych-przeszklen,301,1
https://rolety24.net/blog-o-roletach?journal_blog_post_id=179,https://rolety24.net/blog/post/797-zalety-rolet-dzien-noc-w-sypialni,301,1
https://rolety24.net/blog-o-roletach?journal_blog_post_id=180,https://rolety24.net/blog/post/798-rolety-w-kolorze-butelkowej-zieleni-z-czym-je-laczyc,301,1
https://rolety24.net/blog-o-roletach?journal_blog_post_id=181,https://rolety24.net/blog/post/799-jaki-mechanizm-do-rolet-wybrac,301,1
https://rolety24.net/blog-o-roletach?journal_blog_post_id=182,https://rolety24.net/blog/post/800-rolety-w-stylu-vintage-inspiracje,301,1
https://rolety24.net/blog-o-roletach?journal_blog_post_id=183,https://rolety24.net/blog/post/801-jak-dobrac-rolety-do-drewnianych-okien,301,1
https://rolety24.net/blog-o-roletach?journal_blog_post_id=184,https://rolety24.net/blog/post/802-najlepsze-oslony-okienne-do-pokoju-biurowego,301,1
https://rolety24.net/blog-o-roletach?journal_blog_post_id=185,https://rolety24.net/blog/post/803-rolety-bezinwazyjne-czy-inwazyjne-porownanie,301,1
https://rolety24.net/blog-o-roletach?journal_blog_post_id=186,https://rolety24.net/blog/post/804-jak-oswietlenie-wplywa-na-kolor-rolet,301,1
https://rolety24.net/blog-o-roletach?journal_blog_post_id=187,https://rolety24.net/blog/post/805-czym-wyczyscic-tluste-plamy-na-rolecie,301,1
https://rolety24.net/blog-o-roletach?journal_blog_post_id=188,https://rolety24.net/blog/post/806-zaluzje-drewniane-czy-rolety-materialowe,301,1
https://rolety24.net/blog-o-roletach?journal_blog_post_id=189,https://rolety24.net/blog/post/807-rolety-do-pokoju-goscinnego-porady-eksperta,301,1
https://rolety24.net/blog-o-roletach?journal_blog_post_id=190,https://rolety24.net/blog/post/808-jakie-rolety-do-mieszkania-na-parterze,301,1
https://rolety24.net/blog-o-roletach?journal_blog_post_id=191,https://rolety24.net/blog/post/809-systemy-sterowania-roletami-zewnetrznymi,301,1
https://rolety24.net/blog-o-roletach?journal_blog_post_id=192,https://rolety24.net/blog/post/810-metamorfoza-okna-niskim-kosztem,301,1
https://rolety24.net/blog-o-roletach?journal_blog_post_id=193,https://rolety24.net/blog/post/811-dlaczego-roleta-krzywo-sie-zwija,301,1
https://rolety24.net/blog-o-roletach?journal_blog_post_id=194,https://rolety24.net/blog/post/812-rolety-wewnetrzne-a-alergia-na-kurz,301,1
https://rolety24.net/blog-o-roletach?journal_blog_post_id=195,https://rolety24.net/blog/post/813-czy-warto-montowac-rolety-w-lazience,301,1
https://rolety24.net/blog-o-roletach?journal_blog_post_id=196,https://rolety24.net/blog/post/814-rolety-rzymskie-w-nowoczesnej-aranzacji,301,1
https://rolety24.net/blog-o-roletach?journal_blog_post_id=197,https://rolety24.net/blog/post/815-jakie-rolety-do-okien-pvc,301,1
https://rolety24.net/blog-o-roletach?journal_blog_post_id=198,https://rolety24.net/blog/post/816-zalety-rolet-zaciemniajacych-w-pokoju-dziecka,301,1
https://rolety24.net/blog-o-roletach?journal_blog_post_id=199,https://rolety24.net/blog/post/817-rolety-w-kasecie-z-prowadnicami-przestrzennymi-kiedy-wybrac,301,1
https://rolety24.net/blog-o-roletach?journal_blog_post_id=200,https://rolety24.net/blog/post/818-oslony-okienne-do-domu-pasywnego,301,1
https://rolety24.net/blog-o-roletach?journal_blog_post_id=201,https://rolety24.net/blog/post/819-jak-wybrac-kolor-moskitiery,301,1
https://rolety24.net/blog-o-roletach?journal_blog_post_id=202,https://rolety24.net/blog/post/820-rolety-dzien-noc-czy-mozna-je-skrocic,301,1
https://rolety24.net/blog-o-roletach?journal_blog_post_id=203,https://rolety24.net/blog/post/821-jak-dbac-o-mechanizm-rolety,301,1
https://rolety24.net/blog-o-roletach?journal_blog_post_id=204,https://rolety24.net/blog/post/822-rolety-w-stylu-loftowym,301,1
https://rolety24.net/blog-o-roletach?journal_blog_post_id=205,https://rolety24.net/blog/post/823-czy-rolety-materialowe-blakna-na-sloncu,301,1
https://rolety24.net/blog-o-roletach?journal_blog_post_id=206,https://rolety24.net/blog/post/824-jak-usunac-stary-klej-z-ramy-okna-po-rolecie,301,1
https://rolety24.net/blog-o-roletach?journal_blog_post_id=207,https://rolety24.net/blog/post/825-rolety-na-okna-balkonowe-praktyczne-wskazowki,301,1
https://rolety24.net/blog-o-roletach?journal_blog_post_id=208,https://rolety24.net/blog/post/826-jakie-rolety-wybrac-do-bialych-okien,301,1
https://rolety24.net/blog-o-roletach?journal_blog_post_id=209,https://rolety24.net/blog/post/827-oslona-okienna-do-ciemnej-kuchni,301,1
https://rolety24.net/blog-o-roletach?journal_blog_post_id=210,https://rolety24.net/blog/post/828-czy-plisy-nadaja-sie-do-kazdego-okna,301,1
https://rolety24.net/blog-o-roletach?journal_blog_post_id=211,https://rolety24.net/blog/post/829-rolety-w-kasecie-aluminiowej-czy-pcv,301,1
https://rolety24.net/blog-o-roletach?journal_blog_post_id=212,https://rolety24.net/blog/post/830-jak-wymienic-tkanine-w-rolecie,301,1
https://rolety24.net/blog-o-roletach?journal_blog_post_id=213,https://rolety24.net/blog/post/831-rolety-termoizolacyjne-opinie-i-fakty,301,1
https://rolety24.net/blog-o-roletach?journal_blog_post_id=214,https://rolety24.net/blog/post/832-jak-dopasowac-rolety-do-koloru-podlogi,301,1
https://rolety24.net/blog-o-roletach?journal_blog_post_id=215,https://rolety24.net/blog/post/833-rolety-wewnetrzne-jako-element-dekoracyjny,301,1
https://rolety24.net/blog-o-roletach?journal_blog_post_id=216,https://rolety24.net/blog/post/834-jak-zabezpieczyc-mieszkanie-przed-owadami-bez-chemii,301,1
https://rolety24.net/blog-o-roletach?journal_blog_post_id=217,https://rolety24.net/blog/post/835-rolety-do-pokoju-z-duza-iloscia-roslin,301,1
https://rolety24.net/blog-o-roletach?journal_blog_post_id=218,https://rolety24.net/blog/post/836-czym-sa-rolety-screen,301,1
https://rolety24.net/blog-o-roletach?journal_blog_post_id=219,https://rolety24.net/blog/post/837-jak-zamontowac-moskitiere-ramkowa,301,1
https://rolety24.net/blog-o-roletach?journal_blog_post_id=220,https://rolety24.net/blog/post/838-rolety-plisowane-do-okien-dachowych-montaz-i-zalety,301,1
https://rolety24.net/blog-o-roletach?journal_blog_post_id=221,https://rolety24.net/blog/post/839-jak-zintegrowac-rolety-z-systemem-smart-home,301,1
https://rolety24.net/blog-o-roletach?journal_blog_post_id=222,https://rolety24.net/blog/post/840-rolety-do-przedszkola-i-szkoly-wymagania,301,1
https://rolety24.net/blog-o-roletach?journal_blog_post_id=223,https://rolety24.net/blog/post/841-czy-kolor-moskitiery-wplywa-na-widocznosc,301,1
https://rolety24.net/blog-o-roletach?journal_blog_post_id=224,https://rolety24.net/blog/post/842-rolety-na-okna-narozne,301,1
https://rolety24.net/blog-o-roletach?journal_blog_post_id=225,https://rolety24.net/blog/post/843-jak-dbac-o-rolety-rzymskie,301,1
https://rolety24.net/blog-o-roletach?journal_blog_post_id=226,https://rolety24.net/blog/post/844-najczestsze-usterki-rolet-wewnetrznych-i-jak-je-naprawic,301,1
https://rolety24.net/blog-o-roletach?journal_blog_post_id=227,https://rolety24.net/blog/post/845-rolety-w-kolorze-antracytowym-do-jakich-elewacji,301,1
https://rolety24.net/blog-o-roletach?journal_blog_post_id=228,https://rolety24.net/blog/post/846-jak-wybrac-rolety-do-pokoju-niemowlaka,301,1
https://rolety24.net/blog-o-roletach?journal_blog_post_id=229,https://rolety24.net/blog/post/847-zalety-plis-dwukierunkowych,301,1
https://rolety24.net/blog-o-roletach?journal_blog_post_id=230,https://rolety24.net/blog/post/848-rolety-do-altany-i-na-taras,301,1
https://rolety24.net/blog-o-roletach?journal_blog_post_id=231,https://rolety24.net/blog/post/849-jak-czyscic-sznurki-w-plisach,301,1
https://rolety24.net/blog-o-roletach?journal_blog_post_id=232,https://rolety24.net/blog/post/850-czy-rolety-zewnetrzne-wyciszaja-mieszkanie,301,1
https://rolety24.net/blog-o-roletach?journal_blog_post_id=233,https://rolety24.net/blog/post/851-rolety-w-kuchni-praktyczne-porady,301,1
https://rolety24.net/blog-o-roletach?journal_blog_post_id=234,https://rolety24.net/blog/post/852-jak-swiatlo-sloneczne-wplywa-na-trwalosc-mebli,301,1
https://rolety24.net/blog-o-roletach?journal_blog_post_id=235,https://rolety24.net/blog/post/853-rolety-mini-z-zyłka-dlaczego-to-standard,301,1
https://rolety24.net/blog-o-roletach?journal_blog_post_id=236,https://rolety24.net/blog/post/854-jak-dobrac-oslony-okienne-do-drzwi-przesuwnych,301,1
https://rolety24.net/blog-o-roletach?journal_blog_post_id=237,https://rolety24.net/blog/post/855-rolety-w-sypialni-jak-stworzyc-idealne-warunki-do-odpoczynku,301,1
https://rolety24.net/blog-o-roletach?journal_blog_post_id=238,https://rolety24.net/blog/post/856-czym-sie-rozni-plisa-od-zwyklej-rolety,301,1
https://rolety24.net/blog-o-roletach?journal_blog_post_id=239,https://rolety24.net/blog/post/857-rolety-materialowe-jako-ochrona-prywatnosci,301,1
https://rolety24.net/blog-o-roletach?journal_blog_post_id=240,https://rolety24.net/blog/post/858-jak-skutecznie-zaciemnic-sala-konferencyjna,301,1
https://rolety24.net/blog-o-roletach?journal_blog_post_id=241,https://rolety24.net/blog/post/859-rolety-a-aranzacja-wnetrza-w-stylu-modern-classic,301,1
https://rolety24.net/blog-o-roletach?journal_blog_post_id=242,https://rolety24.net/blog/post/860-jak-mierzyc-rolety-do-okien-z-wywietrznikami,301,1
https://rolety24.net/blog-o-roletach?journal_blog_post_id=243,https://rolety24.net/blog/post/861-rolety-dzien-noc-czy-mozna-je-skonfigurowac-samodzielnie,301,1
https://rolety24.net/blog-o-roletach?journal_blog_post_id=244,https://rolety24.net/blog/post/862-oslony-okienne-dla-firm-na-co-warto-postawic,301,1
https://rolety24.net/blog-o-roletach?journal_blog_post_id=245,https://rolety24.net/blog/post/863-czy-rolety-termoizolacyjne-naprawde-dzialaja,301,1
https://rolety24.net/blog-o-roletach?journal_blog_post_id=246,https://rolety24.net/blog/post/864-rolety-w-pokoju-nastolatka-najnowsze-trendy,301,1
https://rolety24.net/blog-o-roletach?journal_blog_post_id=247,https://rolety24.net/blog/post/865-jak-wybrac-rolety-ktore-nie-zmniejsza-optycznie-pokoju,301,1
https://rolety24.net/blog-o-roletach?journal_blog_post_id=248,https://rolety24.net/blog/post/866-zalety-montazu-rolet-na-mur,301,1
https://rolety24.net/blog-o-roletach?journal_blog_post_id=249,https://rolety24.net/blog/post/867-rolety-rzymskie-czy-firany-co-lepsze,301,1
https://rolety24.net/blog-o-roletach?journal_blog_post_id=250,https://rolety24.net/blog/post/868-jak-przygotowac-okna-do-montazu-rolet,301,1
https://rolety24.net/blog-o-roletach?journal_blog_post_id=251,https://rolety24.net/blog/post/869-rolety-wewnetrzne-w-domu-z-bala,301,1
https://rolety24.net/blog-o-roletach?journal_blog_post_id=252,https://rolety24.net/blog/post/870-jak-dzialaja-rolety-samohamujace,301,1
https://rolety24.net/blog-o-roletach?journal_blog_post_id=253,https://rolety24.net/blog/post/871-rolety-w-lazience-o-czym-pamietac-przy-wyborze,301,1
https://rolety24.net/blog-o-roletach?journal_blog_post_id=254,https://rolety24.net/blog/post/872-moskitiery-na-okna-dachowe-praktyczne-rozwiazania,301,1
https://rolety24.net/blog-o-roletach?journal_blog_post_id=255,https://rolety24.net/blog/post/873-jakie-rolety-do-drewnianej-kuchni,301,1
https://rolety24.net/blog-o-roletach?journal_blog_post_id=256,https://rolety24.net/blog/post/874-oslony-okienne-a-bezpieczenstwo-ptakow,301,1
https://rolety24.net/blog-o-roletach?journal_blog_post_id=257,https://rolety24.net/blog/post/875-rolety-zaciemniajace-a-praca-nocna,301,1
https://rolety24.net/blog-o-roletach?journal_blog_post_id=258,https://rolety24.net/blog/post/876-jak-zaaranzowac-wnetrze-w-kolorach-ziemi,301,1
https://rolety24.net/blog-o-roletach?journal_blog_post_id=259,https://rolety24.net/blog/post/877-czy-rolety-moga-pomoc-w-nauce-i-koncentracji,301,1
https://rolety24.net/blog-o-roletach?journal_blog_post_id=260,https://rolety24.net/blog/post/878-rolety-w-stylu-boho-inspiracje,301,1
https://rolety24.net/blog-o-roletach?journal_blog_post_id=261,https://rolety24.net/blog/post/879-jakie-rolety-wybrac-do-salonu-z-kominkiem,301,1
https://rolety24.net/blog-o-roletach?journal_blog_post_id=262,https://rolety24.net/blog/post/880-jak-usunac-owady-spod-tkaniny-rolety,301,1
https://rolety24.net/blog-o-roletach?journal_blog_post_id=263,https://rolety24.net/blog/post/881-rolety-w-kolorze-beżowym-uniwersalne-rozwiazanie,301,1
https://rolety24.net/blog-o-roletach?journal_blog_post_id=264,https://rolety24.net/blog/post/882-czy-warto-kupic-rolety-z-nadrukiem,301,1
https://rolety24.net/blog-o-roletach?journal_blog_post_id=265,https://rolety24.net/blog/post/883-jak-zadbac-o-czystosc-oslon-okiennych-wiosna,301,1
https://rolety24.net/blog-o-roletach?journal_blog_post_id=266,https://rolety24.net/blog/post/884-rolety-na-okna-z-lufcikiem,301,1
https://rolety24.net/blog-o-roletach?journal_blog_post_id=267,https://rolety24.net/blog/post/885-jak-swiatlo-wplywa-na-optczone-powiekszenie-wnetrza,301,1
https://rolety24.net/blog-o-roletach?journal_blog_post_id=268,https://rolety24.net/blog/post/886-oslony-okienne-do-pokoju-gier-gaming-room,301,1
https://rolety24.net/blog-o-roletach?journal_blog_post_id=269,https://rolety24.net/blog/post/887-zalety-plis-w-kuchni,301,1
https://rolety24.net/blog-o-roletach?journal_blog_post_id=270,https://rolety24.net/blog/post/888-rolety-do-domu-nad-morzem-lub-jeziorem,301,1
https://rolety24.net/blog-o-roletach?journal_blog_post_id=271,https://rolety24.net/blog/post/889-jak-wymienic-zerwany-sznurek-w-rolecie,301,1
https://rolety24.net/blog-o-roletach?journal_blog_post_id=272,https://rolety24.net/blog/post/890-rolety-w-stylu-rustykalnym,301,1
https://rolety24.net/blog-o-roletach?journal_blog_post_id=273,https://rolety24.net/blog/post/891-jakie-rolety-do-okien-bez-klamek,301,1
https://rolety24.net/blog-o-roletach?journal_blog_post_id=274,https://rolety24.net/blog/post/892-czy-rolety-moga-zmniejszyc-rachunki-za-ogrzewanie,301,1
https://rolety24.net/blog-o-roletach?journal_blog_post_id=275,https://rolety24.net/blog/post/893-moskitiery-magnetyczne-czy-ramkowe,301,1
https://rolety24.net/blog-o-roletach?journal_blog_post_id=276,https://rolety24.net/blog/post/894-rolety-w-pokoju-dziennym-funkcja-i-estetyka,301,1
https://rolety24.net/blog-o-roletach?journal_blog_post_id=277,https://rolety24.net/blog/post/895-jak-wybrac-rolety-do-gabinetu-lekarskiego,301,1
https://rolety24.net/blog-o-roletach?journal_blog_post_id=278,https://rolety24.net/blog/post/896-rolety-plisowane-a-prywatnosc,301,1
https://rolety24.net/blog-o-roletach?journal_blog_post_id=279,https://rolety24.net/blog/post/897-jak-dobrac-oslony-okienne-do-koloru-elewacji,301,1
https://rolety24.net/blog-o-roletach?journal_blog_post_id=280,https://rolety24.net/blog/post/898-czy-rolety-materialowe-mozna-farbowac,301,1
https://rolety24.net/blog-o-roletach?journal_blog_post_id=281,https://rolety24.net/blog/post/899-rolety-do-ogrodu-zimowego,301,1
https://rolety24.net/blog-o-roletach?journal_blog_post_id=282,https://rolety24.net/blog/post/900-jak-zamontowac-rolety-na-oknie-z-wywietrznikiem,301,1
https://rolety24.net/blog-o-roletach?journal_blog_post_id=283,https://rolety24.net/blog/post/901-rolety-w-kolorze-granatowym-aranzacje,301,1
https://rolety24.net/blog-o-roletach?journal_blog_post_id=284,https://rolety24.net/blog/post/902-jak-usunac-zacieki-z-rolety,301,1
https://rolety24.net/blog-o-roletach?journal_blog_post_id=285,https://rolety24.net/blog/post/903-zaluzje-aluminiowe-czy-rolety-dzien-noc,301,1
https://rolety24.net/blog-o-roletach?journal_blog_post_id=286,https://rolety24.net/blog/post/904-rolety-do-kuchni-w-stylu-prowansalskim,301,1
https://rolety24.net/blog-o-roletach?journal_blog_post_id=287,https://rolety24.net/blog/post/905-jak-zabezpieczyc-rolety-przed-kotem,301,1
https://rolety24.net/blog-o-roletach?journal_blog_post_id=288,https://rolety24.net/blog/post/906-oslony-okienne-w-inteligentnym-domu,301,1
https://rolety24.net/blog-o-roletach?journal_blog_post_id=289,https://rolety24.net/blog/post/907-rolety-rzymskie-w-paski-czy-gladkie,301,1
https://rolety24.net/blog-o-roletach?journal_blog_post_id=290,https://rolety24.net/blog/post/908-jak-wybrac-rolety-do-hotelu,301,1
https://rolety24.net/blog-o-roletach?journal_blog_post_id=291,https://rolety24.net/blog/post/909-czy-rolety-moga-byc-niebezpieczne-dla-dzieci,301,1
https://rolety24.net/blog-o-roletach?journal_blog_post_id=292,https://rolety24.net/blog/post/910-rolety-w-kasecie-a-gwarancja-na-okna,301,1
https://rolety24.net/blog-o-roletach?journal_blog_post_id=293,https://rolety24.net/blog/post/911-jak-szybko-odswiezyc-stare-rolety,301,1
https://rolety24.net/blog-o-roletach?journal_blog_post_id=294,https://rolety24.net/blog/post/912-rolety-zaciemniajace-do-kina-domowego,301,1
https://rolety24.net/blog-o-roletach?journal_blog_post_id=295,https://rolety24.net/blog/post/913-jak-swiatlo-niebieskie-wplywa-na-sen,301,1
https://rolety24.net/blog-o-roletach?journal_blog_post_id=296,https://rolety24.net/blog/post/914-moskitiery-na-wymiar-dlaczego-warto,301,1
https://rolety24.net/blog-o-roletach?journal_blog_post_id=297,https://rolety24.net/blog/post/915-rolety-w-stylu-minimalistycznym,301,1
https://rolety24.net/blog-o-roletach?journal_blog_post_id=298,https://rolety24.net/blog/post/916-jak-dobrac-oslony-okienne-do-koloru-mebli,301,1
https://rolety24.net/blog-o-roletach?journal_blog_post_id=299,https://rolety24.net/blog/post/917-czy-plisy-mozna-prac-w-pralce,301,1
https://rolety24.net/blog-o-roletach?journal_blog_post_id=300,https://rolety24.net/blog/post/918-rolety-termoizolacyjne-do-biura,301,1
https://rolety24.net/blog-o-roletach?journal_blog_post_id=301,https://rolety24.net/blog/post/919-jak-mierzyc-okna-pod-rolety-rzymskie,301,1
https://rolety24.net/blog-o-roletach?journal_blog_post_id=302,https://rolety24.net/blog/post/920-rolety-w-kolorze-zoltym-energiczne-wnetrze,301,1
https://rolety24.net/blog-o-roletach?journal_blog_post_id=303,https://rolety24.net/blog/post/921-jak-naprawic-odklejajaca-sie-kasete-rolety,301,1
https://rolety24.net/blog-o-roletach?journal_blog_post_id=304,https://rolety24.net/blog/post/922-rolety-dzien-noc-w-kuchni-czy-to-praktyczne,301,1
https://rolety24.net/blog-o-roletach?journal_blog_post_id=305,https://rolety24.net/blog/post/923-jak-wybrac-oslony-okienne-do-domku-letniskowego,301,1
https://rolety24.net/blog-o-roletach?journal_blog_post_id=306,https://rolety24.net/blog/post/924-czy-rolety-chronia-przed-hallasem,301,1
https://rolety24.net/blog-o-roletach?journal_blog_post_id=307,https://rolety24.net/blog/post/925-rolety-bezinwazyjne-na-duze-okna,301,1
https://rolety24.net/blog-o-roletach?journal_blog_post_id=308,https://rolety24.net/blog/post/926-jak-pozbyc-sie-zapachu-nowej-rolety,301,1
https://rolety24.net/blog-o-roletach?journal_blog_post_id=309,https://rolety24.net/blog/post/927-rolety-w-stylu-japandii,301,1
https://rolety24.net/blog-o-roletach?journal_blog_post_id=310,https://rolety24.net/blog/post/928-jak-wybrac-rolety-do-warsztatu,301,1
https://rolety24.net/blog-o-roletach?journal_blog_post_id=311,https://rolety24.net/blog/post/929-czy-moskitiery-oslabiaja-cyrkulacje-powietrza,301,1
https://rolety24.net/blog-o-roletach?journal_blog_post_id=312,https://rolety24.net/blog/post/930-rolety-plisowane-a-okna-o-nietypowych-ksztaltach,301,1
https://rolety24.net/blog-o-roletach?journal_blog_post_id=313,https://rolety24.net/blog/post/931-jak-zestawic-rolety-z-zaslonami,301,1
https://rolety24.net/blog-o-roletach?journal_blog_post_id=314,https://rolety24.net/blog/post/932-rolety-termo-czy-zwykle-porownanie-kosztow,301,1
https://rolety24.net/blog-o-roletach?journal_blog_post_id=315,https://rolety24.net/blog/post/933-jak-zadbac-o-rolety-przed-wyjazdem-na-wakacje,301,1
https://rolety24.net/blog-o-roletach?journal_blog_post_id=316,https://rolety24.net/blog/post/934-rolety-w-kolorze-mietowym-swiezosc-w-domu,301,1
https://rolety24.net/blog-o-roletach?journal_blog_post_id=317,https://rolety24.net/blog/post/935-jak-wyregulowac-naciag-sznurka-w-plisach,301,1
https://rolety24.net/blog-o-roletach?journal_blog_post_id=318,https://rolety24.net/blog/post/936-czy-rolety-rzymskie-mozna-skracac,301,1
https://rolety24.net/blog-o-roletach?journal_blog_post_id=319,https://rolety24.net/blog/post/937-oslony-okienne-do-pomieszczen-wilgotnych,301,1
https://rolety24.net/blog-o-roletach?journal_blog_post_id=320,https://rolety24.net/blog/post/938-jak-optycznie-obnizyc-zbyt-wysoki-sufit-roletami,301,1
https://rolety24.net/blog-o-roletach?journal_blog_post_id=321,https://rolety24.net/blog/post/939-rolety-w-stylu-klasycznym,301,1
https://rolety24.net/blog-o-roletach?journal_blog_post_id=322,https://rolety24.net/blog/post/940-jak-usunac-rdze-z-elementow-montazowych-rolety,301,1
https://rolety24.net/blog-o-roletach?journal_blog_post_id=323,https://rolety24.net/blog/post/941-czy-moskitiery-chronia-przed-pylkami-dla-alergikow,301,1
https://rolety24.net/blog-o-roletach?journal_blog_post_id=324,https://rolety24.net/blog/post/942-rolety-bezinwazyjne-a-bezpieczenstwo-uzytkowania,301,1
https://rolety24.net/blog-o-roletach?journal_blog_post_id=325,https://rolety24.net/blog/post/943-jak-wybrac-oslony-okienne-do-biblioteki,301,1
https://rolety24.net/blog-o-roletach?journal_blog_post_id=326,https://rolety24.net/blog/post/944-rolety-w-kolorze-czarnym-odwazne-aranzacje,301,1
https://rolety24.net/blog-o-roletach?journal_blog_post_id=327,https://rolety24.net/blog/post/945-jak-wyczyscic-rolety-z-prowadnicami,301,1
https://rolety24.net/blog-o-roletach?journal_blog_post_id=328,https://rolety24.net/blog/post/946-czy-plisy-zatrzymuja-cieplo-zima,301,1
https://rolety24.net/blog-o-roletach?journal_blog_post_id=329,https://rolety24.net/blog/post/947-rolety-w-pokoju-goscinny-na-co-postawic,301,1
https://rolety24.net/blog-o-roletach?journal_blog_post_id=330,https://rolety24.net/blog/post/948-jak-zamontowac-rolety-do-sufitu,301,1
https://rolety24.net/blog-o-roletach?journal_blog_post_id=331,https://rolety24.net/blog/post/949-rolety-rzymskie-w-kuchni-opinie-uzytkownikow,301,1
https://rolety24.net/blog-o-roletach?journal_blog_post_id=332,https://rolety24.net/blog/post/950-jak-dobrac-rolety-do-ciemnych-ram-okiennych,301,1
https://rolety24.net/blog-o-roletach?journal_blog_post_id=333,https://rolety24.net/blog/post/951-czy-rolety-materialowe-mozna-prasowac,301,1
https://rolety24.net/blog-o-roletach?journal_blog_post_id=334,https://rolety24.net/blog/post/952-rolety-do-przedszkola-bezpieczenstwo-przede-wszystkim,301,1
https://rolety24.net/blog-o-roletach?journal_blog_post_id=335,https://rolety24.net/blog/post/953-jak-wybrac-moskitiere-na-drzwi-balkonowe,301,1
https://rolety24.net/blog-o-roletach?journal_blog_post_id=336,https://rolety24.net/blog/post/954-rolety-w-kolorze-fioletowym-magiczny-nastroj,301,1
https://rolety24.net/blog-o-roletach?journal_blog_post_id=337,https://rolety24.net/blog/post/955-jak-zadbac-o-oslony-okienne-po-remoncie,301,1
https://rolety24.net/blog-o-roletach?journal_blog_post_id=338,https://rolety24.net/blog/post/956-zaluzje-pionowe-verticale-w-nowoczesnym-domu,301,1
https://rolety24.net/blog-o-roletach?journal_blog_post_id=339,https://rolety24.net/blog/post/957-jak-zdemontowac-rolety-bezinwazyjne,301,1
https://rolety24.net/blog-o-roletach?journal_blog_post_id=340,https://rolety24.net/blog/post/958-rolety-w-stylu-scandi-loft,301,1
https://rolety24.net/blog-o-roletach?journal_blog_post_id=341,https://rolety24.net/blog/post/959-czy-rolety-zaciemniajace-nagrzewaja-sie,301,1
https://rolety24.net/blog-o-roletach?journal_blog_post_id=342,https://rolety24.net/blog/post/960-jak-wybrac-rolety-do-pokoju-studenta,301,1
https://rolety24.net/blog-o-roletach?journal_blog_post_id=343,https://rolety24.net/blog/post/961-rolety-plisowane-a-oswietlenie-led-w-oknie,301,1
https://rolety24.net/blog-o-roletach?journal_blog_post_id=344,https://rolety24.net/blog/post/962-jak-usunac-pajeczyny-z-rolety,301,1
https://rolety24.net/blog-o-roletach?journal_blog_post_id=345,https://rolety24.net/blog/post/963-rolety-do-biura-rachunkowego-komfort-pracy,301,1
https://rolety24.net/blog-o-roletach?journal_blog_post_id=346,https://rolety24.net/blog/post/964-czy-rolety-dzien-noc-sa-trwale,301,1
https://rolety24.net/blog-o-roletach?journal_blog_post_id=347,https://rolety24.net/blog/post/965-jak-wybrac-oslony-okienne-do-domku-typu-brda,301,1
https://rolety24.net/blog-o-roletach?journal_blog_post_id=348,https://rolety24.net/blog/post/966-rolety-w-kolorze-bordowym-klasyka-i-elegancja,301,1
https://rolety24.net/blog-o-roletach?journal_blog_post_id=349,https://rolety24.net/blog/post/967-jak-naprawic-skrzywiona-belke-obciazajaca-rolety,301,1
https://rolety24.net/blog-o-roletach?journal_blog_post_id=350,https://rolety24.net/blog/post/968-czy-moskitiery-sa-odporne-na-warunki-atmosferyczne,301,1
https://rolety24.net/blog-o-roletach?journal_blog_post_id=351,https://rolety24.net/blog/post/969-rolety-bezinwazyjne-na-okna-z-zaokraglonymi-listwami,301,1
https://rolety24.net/blog-o-roletach?journal_blog_post_id=352,https://rolety24.net/blog/post/970-jak-wybrac-rolety-do-domu-z-rekuperacja,301,1
https://rolety24.net/blog-o-roletach?journal_blog_post_id=353,https://rolety24.net/blog/post/971-czy-rolety-wewnetrzne-moga-zastapic-klimatyzacje,301,1
https://rolety24.net/blog-o-roletach?journal_blog_post_id=354,https://rolety24.net/blog/post/972-rolety-w-kolorze-oliwkowym-spokoj-i-harmonia,301,1
https://rolety24.net/blog-o-roletach?journal_blog_post_id=355,https://rolety24.net/blog/post/973-jak-zadbac-o-moskitiery-po-sezonie,301,1
https://rolety24.net/blog-o-roletach?journal_blog_post_id=356,https://rolety24.net/blog/post/974-rolety-plisowane-a-bezpieczenstwo-kotow,301,1
https://rolety24.net/blog-o-roletach?journal_blog_post_id=357,https://rolety24.net/blog/post/975-jak-wybrac-rolety-do-salonu-fryzjerskiego,301,1
https://rolety24.net/blog-o-roletach?journal_blog_post_id=358,https://rolety24.net/blog/post/976-czy-rolety-rzymskie-mozna-prac-w-pralce,301,1
https://rolety24.net/blog-o-roletach?journal_blog_post_id=359,https://rolety24.net/blog/post/977-rolety-w-kasecie-a-szerokie-listwy-przyokienne,301,1
https://rolety24.net/blog-o-roletach?journal_blog_post_id=360,https://rolety24.net/blog/post/978-jak-usunac-plesn-z-mechanizmu-rolety,301,1
https://rolety24.net/blog-o-roletach?journal_blog_post_id=361,https://rolety24.net/blog/post/979-rolety-w-stylu-art-deco,301,1
https://rolety24.net/blog-o-roletach?journal_blog_post_id=362,https://rolety24.net/blog/post/980-jak-wybrac-oslony-okienne-do-garazu,301,1
https://rolety24.net/blog-o-roletach?journal_blog_post_id=363,https://rolety24.net/blog/post/981-czy-moskitiery-sa-trwale-na-latach,301,1
https://rolety24.net/blog-o-roletach?journal_blog_post_id=364,https://rolety24.net/blog/post/982-rolety-termoizolacyjne-do-pokoju-na-poddaszu,301,1
https://rolety24.net/blog-o-roletach?journal_blog_post_id=365,https://rolety24.net/blog/post/983-jak-dobrac-rolety-do-szarych-okien,301,1
https://rolety24.net/blog-o-roletach?journal_blog_post_id=366,https://rolety24.net/blog/post/984-rolety-w-kolorze-taupe-hit-aranzacyjny,301,1
https://rolety24.net/blog-o-roletach?journal_blog_post_id=367,https://rolety24.net/blog/post/985-jak-skutecznie-wyczyscic-szyny-plis,301,1
https://rolety24.net/blog-o-roletach?journal_blog_post_id=368,https://rolety24.net/blog/post/986-czy-rolety-materialowe-chronia-przed-uv,301,1
https://rolety24.net/blog-o-roletach?journal_blog_post_id=369,https://rolety24.net/blog/post/987-rolety-do-nowoczesnej-sypialni-trendy-2022,301,1
https://rolety24.net/blog-o-roletach?journal_blog_post_id=370,https://rolety24.net/blog/post/988-jak-zamontowac-rolety-na-oknie-z-wywietrznikiem-gornym,301,1
https://rolety24.net/blog-o-roletach?journal_blog_post_id=371,https://rolety24.net/blog/post/989-moskitiery-plisowane-kiedy-warto-je-wybrac,301,1
https://rolety24.net/blog-o-roletach?journal_blog_post_id=372,https://rolety24.net/blog/post/990-rolety-w-kolorze-musztardowym-jak-je-stylizowac,301,1
https://rolety24.net/blog-o-roletach?journal_blog_post_id=373,https://rolety24.net/blog/post/991-jak-naprawic-luzna-tkanine-w-rolecie-kasetowej,301,1
https://rolety24.net/blog-o-roletach?journal_blog_post_id=374,https://rolety24.net/blog/post/992-czy-plisy-nadaja-sie-do-okien-stalo-szklonych-fix,301,1
https://rolety24.net/blog-o-roletach?journal_blog_post_id=375,https://rolety24.net/blog/post/993-rolety-bezinwazyjne-a-szczelnosc-okna,301,1
https://rolety24.net/blog-o-roletach?journal_blog_post_id=376,https://rolety24.net/blog/post/994-jak-wybrac-oslony-okienne-do-domu-w-stylu-wiejskim,301,1
https://rolety24.net/blog-o-roletach?journal_blog_post_id=377,https://rolety24.net/blog/post/995-rolety-w-kolorze-pastelowym-do-pokoju-dziecka,301,1
https://rolety24.net/blog-o-roletach?journal_blog_post_id=378,https://rolety24.net/blog/post/996-jak-wyczyscic-uchwyty-bezinwazyjne,301,1
https://rolety24.net/blog-o-roletach?journal_blog_post_id=379,https://rolety24.net/blog/post/997-czy-rolety-rzymskie-pyla,301,1
https://rolety24.net/blog-o-roletach?journal_blog_post_id=380,https://rolety24.net/blog/post/998-oslony-okienne-do-pomieszczen-z-duza-wilgotnoscia-powietrza,301,1
https://rolety24.net/blog-o-roletach?journal_blog_post_id=381,https://rolety24.net/blog/post/999-jak-optycznie-zwiekszyc-okno-za-pomoca-rolet,301,1
https://rolety24.net/blog-o-roletach?journal_blog_post_id=382,https://rolety24.net/blog/post/1000-rolety-w-stylu-eko-naturalne-materialy,301,1
https://rolety24.net/blog-o-roletach?journal_blog_post_id=383,https://rolety24.net/blog/post/1001-jak-usunac-zaschniety-klej-z-szyby-po-prowadnicach,301,1
https://rolety24.net/blog-o-roletach?journal_blog_post_id=384,https://rolety24.net/blog/post/1002-czy-moskitiery-chronia-przed-osami-i-szerszeniami,301,1
https://rolety24.net/blog-o-roletach?journal_blog_post_id=385,https://rolety24.net/blog/post/1003-rolety-termo-z-prowadnicami-czy-bez,301,1
https://rolety24.net/blog-o-roletach?journal_blog_post_id=386,https://rolety24.net/blog/post/1004-jak-wybrac-oslony-okienne-do-studiów-nagran,301,1
https://rolety24.net/blog-o-roletach?journal_blog_post_id=387,https://rolety24.net/blog/post/1005-rolety-w-kolorze-szmaragdowym-luksus-we-wnetrzu,301,1
https://rolety24.net/blog-o-roletach?journal_blog_post_id=388,https://rolety24.net/blog/post/1006-jak-zadbac-o-linki-w-roletach-dzien-noc,301,1
https://rolety24.net/blog-o-roletach?journal_blog_post_id=389,https://rolety24.net/blog/post/1007-czy-plisy-mozna-skracac-na-szerokosc,301,1
https://rolety24.net/blog-o-roletach?journal_blog_post_id=390,https://rolety24.net/blog/post/1008-rolety-do-biura-typu-open-space,301,1
https://rolety24.net/blog-o-roletach?journal_blog_post_id=391,https://rolety24.net/blog/post/1009-jak-zamontowac-rolety-na-oknie-z-wyokraglona-listwa,301,1
https://rolety24.net/blog-o-roletach?journal_blog_post_id=392,https://rolety24.net/blog/post/1010-rolety-rzymskie-do-salonu-z-aneksem,301,1
https://rolety24.net/blog-o-roletach?journal_blog_post_id=393,https://rolety24.net/blog/post/1011-jak-wybrac-rolety-ktore-nie-blakna,301,1
https://rolety24.net/blog-o-roletach?journal_blog_post_id=394,https://rolety24.net/blog/post/1012-czy-rolety-zaciemniajace-sa-dobre-do-kuchni,301,1
https://rolety24.net/blog-o-roletach?journal_blog_post_id=395,https://rolety24.net/blog/post/1013-oslony-okienne-do-domu-z-drewna,301,1
https://rolety24.net/blog-o-roletach?journal_blog_post_id=396,https://rolety24.net/blog/post/1014-jak-wyczyscic-rolety-po-remoncie-elewacji,301,1
https://rolety24.net/blog-o-roletach?journal_blog_post_id=397,https://rolety24.net/blog/post/1015-rolety-w-kolorze-pudrowego-rozu-aranzacje,301,1
https://rolety24.net/blog-o-roletach?journal_blog_post_id=398,https://rolety24.net/blog/post/1016-jak-naprawic-blokujacy-sie-mechanizm-koralikowy,301,1
https://rolety24.net/blog-o-roletach?journal_blog_post_id=399,https://rolety24.net/blog/post/1017-czy-moskitiery-przeszkadzaja-w-myciu-okien,301,1
https://rolety24.net/blog-o-roletach?journal_blog_post_id=400,https://rolety24.net/blog/post/1018-rolety-bezinwazyjne-a-rolety-w-kasecie-porownanie,301,1
https://rolety24.net/blog-o-roletach?journal_blog_post_id=401,https://rolety24.net/blog/post/1019-jak-wybrac-oslony-okienne-do-pokoju-seniora,301,1
https://rolety24.net/blog-o-roletach?journal_blog_post_id=402,https://rolety24.net/blog/post/1020-rolety-w-stylu-hampton,301,1
https://rolety24.net/blog-o-roletach?journal_blog_post_id=403,https://rolety24.net/blog/post/1021-czy-rolety-termoizolacyjne-mozna-stosowac-na-okna-dachowe,301,1
https://rolety24.net/blog-o-roletach?journal_blog_post_id=404,https://rolety24.net/blog/post/1022-jak-usunac-martwe-muchy-z-wnetrza-kasety,301,1
https://rolety24.net/blog-o-roletach?journal_blog_post_id=405,https://rolety24.net/blog/post/1023-rolety-do-kuchni-w-stylu-loftowym,301,1
https://rolety24.net/blog-o-roletach?journal_blog_post_id=406,https://rolety24.net/blog/post/1024-jak-dobrac-oslony-okienne-do-koloru-parapetu,301,1
https://rolety24.net/blog-o-roletach?journal_blog_post_id=407,https://rolety24.net/blog/post/1025-czy-plisy-oslabiaja-rame-okienna,301,1
https://rolety24.net/blog-o-roletach?journal_blog_post_id=408,https://rolety24.net/blog/post/1026-rolety-w-kolorze-terakoty-cieplo-we-wnetrzu,301,1
https://rolety24.net/blog-o-roletach?journal_blog_post_id=409,https://rolety24.net/blog/post/1027-jak-zdemontowac-tkanine-do-prania-w-roletach-rzymskich,301,1
https://rolety24.net/blog-o-roletach?journal_blog_post_id=410,https://rolety24.net/blog/post/1028-moskitiery-na-okna-nietypowe-trojkaty-i-luki,301,1
https://rolety24.net/blog-o-roletach?journal_blog_post_id=411,https://rolety24.net/blog/post/1029-jak-wybrac-rolety-do-przedszkola-normy-i-atesty,301,1
https://rolety24.net/blog-o-roletach?journal_blog_post_id=412,https://rolety24.net/blog/post/1030-rolety-w-stylu-nowojorskim,301,1
https://rolety24.net/blog-o-roletach?journal_blog_post_id=413,https://rolety24.net/blog/post/1031-czy-rolety-zaciemniajace-sa-bezpieczne-dla-roslin,301,1
https://rolety24.net/blog-o-roletach?journal_blog_post_id=414,https://rolety24.net/blog/post/1032-jak-wybrac-oslony-okienne-do-domku-mobilnego-tiny-house,301,1
https://rolety24.net/blog-o-roletach?journal_blog_post_id=415,https://rolety24.net/blog/post/1033-rolety-w-kolorze-kawowym-przytulny-salon,301,1
https://rolety24.net/blog-o-roletach?journal_blog_post_id=416,https://rolety24.net/blog/post/1034-jak-naprawic-rozwarstwiona-tkanine-w-plisach,301,1
https://rolety24.net/blog-o-roletach?journal_blog_post_id=417,https://rolety24.net/blog/post/1035-czy-moskitiery-mozna-malowac,301,1
https://rolety24.net/blog-o-roletach?journal_blog_post_id=418,https://rolety24.net/blog/post/1036-rolety-termo-a-oszczednosc-energii-badania,301,1
https://rolety24.net/blog-o-roletach?journal_blog_post_id=419,https://rolety24.net/blog/post/1037-jak-dobrac-rolety-do-czarnych-okien,301,1
https://rolety24.net/blog-o-roletach?journal_blog_post_id=420,https://rolety24.net/blog/post/1038-rolety-w-kolorze-srebrnym-nowoczesnosc-i-blask,301,1
https://rolety24.net/blog-o-roletach?journal_blog_post_id=421,https://rolety24.net/blog/post/1039-jak-wyczyscic-rolety-z-kurzu-budowlanego,301,1
https://rolety24.net/blog-o-roletach?journal_blog_post_id=422,https://rolety24.net/blog/post/1040-czy-rolety-materialowe-tlumia-dzwiek-na-zewnatrz,301,1
https://rolety24.net/blog-o-roletach?journal_blog_post_id=423,https://rolety24.net/blog/post/1041-jak-wybrac-rolety-do-pokoju-dziecka-porady,301,1
https://rolety24.net/blog-o-roletach?journal_blog_post_id=424,https://rolety24.net/blog/post/1042-rolety-w-lazience-praktyczne-porady,301,1
https://rolety24.net/blog-o-roletach?journal_blog_post_id=425,https://rolety24.net/blog/post/1043-czy-kolor-rolet-ma-znaczenie,301,1
https://rolety24.net/blog-o-roletach?journal_blog_post_id=426,https://rolety24.net/blog/post/1044-jak-dobrac-rolety-do-stylu-wnetrza,301,1
https://rolety24.net/blog-o-roletach?journal_blog_post_id=427,https://rolety24.net/blog/post/1045-jakie-rolety-sprawdza-sie-w-lazience,301,1
https://rolety24.net/blog-o-roletach?journal_blog_post_id=428,https://rolety24.net/blog/post/1046-zalety-rolet-zaciemniajacych-w-pokoju-dziecka,301,1
https://rolety24.net/blog-o-roletach?journal_blog_post_id=429,https://rolety24.net/blog/post/1047-jak-kupic-rolety-przez-internet,301,1
https://rolety24.net/blog-o-roletach?journal_blog_post_id=430,https://rolety24.net/blog/post/1048-rolety-okienne-najnowsze-trendy,301,1
https://rolety24.net/blog-o-roletach?journal_blog_post_id=431,https://rolety24.net/blog/post/1049-rolety-w-kasecie-zalety-rozwiazania,301,1
https://rolety24.net/blog-o-roletach?journal_blog_post_id=432,https://rolety24.net/blog/post/1050-szare-rolety-do-jakich-wnetrz-pasuja,301,1
https://rolety24.net/blog-o-roletach?journal_blog_post_id=433,https://rolety24.net/blog/post/1051-czy-rolety-termoizolacyjne-zapobiegaja-tylko-nagrzewaniu-czy-takze-wychladzaniu,301,1
https://rolety24.net/blog-o-roletach?journal_blog_post_id=434,https://rolety24.net/blog/post/1052-rolety-z-prowadnicami-czy-bez-prowadnic,301,1
https://rolety24.net/blog-o-roletach?journal_blog_post_id=435,https://rolety24.net/blog/post/1053-3-pomysly-na-wnetrze-w-kolorach-jesieni,301,1
https://rolety24.net/blog-o-roletach?journal_blog_post_id=436,https://rolety24.net/blog/post/648-od-czego-zalezy-cena-rolety,301,1
https://rolety24.net/blog-o-roletach?journal_blog_post_id=437,https://rolety24.net/blog/post/678-plisy-czy-rolety-dzien-noc,301,1
https://rolety24.net/blog-o-roletach?journal_blog_post_id=438,https://rolety24.net/blog/post/740-idealne-rolety-do-salonu-urody-i-odnowy-biologicznej,301,1
https://rolety24.net/blog-o-roletach?journal_blog_post_id=439,https://rolety24.net/blog/post/725-modne-rolety-na-jesien,301,1
https://rolety24.net/blog-o-roletach?journal_blog_post_id=440,https://rolety24.net/blog/post/714-czy-rolety-dzien-noc-mozna-prac,301,1
https://rolety24.net/blog-o-roletach?journal_blog_post_id=441,https://rolety24.net/blog/post/695-dobieramy-rolety-do-wnetrza-styl-skandynawski,301,1
https://rolety24.net/blog-o-roletach?journal_blog_post_id=442,https://rolety24.net/blog/post/1058-dlaczego-warto-zamowic-rolety-w-sklepie-internetowym,301,1
https://rolety24.net/blog-o-roletach?journal_blog_post_id=443,https://rolety24.net/blog/post/670-jak-wymierzyc-okno-do-montazu-rolet,301,1
https://rolety24.net/blog-o-roletach?journal_blog_post_id=444,https://rolety24.net/blog/post/777-jak-uniknac-przeciagow-w-domu,301,1
https://rolety24.net/blog-o-roletach?journal_blog_post_id=445,https://rolety24.net/blog/post/737-swiateczne-dekoracje-na-okna-inspiracje,301,1
https://rolety24.net/blog-o-roletach?journal_blog_post_id=446,https://rolety24.net/blog/post/656-jak-czyscic-plisy,301,1
https://rolety24.net/blog-o-roletach?journal_blog_post_id=447,https://rolety24.net/blog/post/743-jak-nalezy-wietrzyc-mieszkanie-w-sezonie-zimowym,301,1
https://rolety24.net/blog-o-roletach?journal_blog_post_id=448,https://rolety24.net/blog/post/780-neutralny-czy-wyrazisty-jaki-powinien-byc-kolor-rolety,301,1
https://rolety24.net/blog-o-roletach?journal_blog_post_id=449,https://rolety24.net/blog/post/688-sposoby-montazu-rolet-wewnetrznych,301,1
https://rolety24.net/blog-o-roletach?journal_blog_post_id=450,https://rolety24.net/blog/post/1066-jak-bezpiecznie-kupic-rolety-przez-internet,301,1